ID,position
0,9
1,9
2,9
3,2
4,2
5,9
6,6
7,6
8,0
9,9
10,5
11,8
12,6
13,9
14,1
15,0
16,3
17,0
18,2
19,7
20,1
21,1
22,1
23,5
24,1
25,3
26,5
27,3
28,6
29,4
30,8
31,1
32,0
33,4
34,1
35,8
36,1
37,8
38,5
39,1
40,5
41,2
42,5
43,3
44,1
45,1
46,8
47,4
48,3
49,9
50,3
51,0
52,6
53,4
54,1
55,8
56,5
57,0
58,9
59,1
60,0
61,5
62,9
63,7
64,3
65,3
66,6
67,8
68,7
69,5
70,5
71,5
72,9
73,4
74,1
75,6
76,5
77,8
78,6
79,3
80,8
81,0
82,3
83,1
84,4
85,9
86,8
87,9
88,5
89,4
90,9
91,2
92,2
93,6
94,8
95,4
96,9
97,4
98,0
99,3
100,4
101,4
102,8
103,7
104,5
105,6
106,3
107,3
108,4
109,0
110,5
111,5
112,6
113,7
114,4
115,0
116,1
117,0
118,1
119,7
120,5
121,7
122,6
123,1
124,1
125,0
126,7
127,9
128,0
129,1
130,3
131,8
132,7
133,4
134,3
135,1
136,1
137,9
138,8
139,0
140,3
141,8
142,1
143,6
144,5
145,7
146,7
147,6
148,1
149,3
150,7
151,3
152,4
153,7
154,4
155,3
156,5
157,4
158,1
159,8
160,5
161,7
162,5
163,3
164,3
165,4
166,6
167,6
168,8
169,3
170,1
171,8
172,2
173,3
174,1
175,7
176,5
177,5
178,4
179,4
180,7
181,3
182,6
183,4
184,5
185,9
186,7
187,3
188,9
189,2
190,0
191,6
192,0
193,2
194,0
195,6
196,5
197,3
198,4
199,0
200,7
201,2
202,5
203,3
204,6
205,4
206,5
207,9
208,4
209,3
210,5
211,3
212,6
213,0
214,7
215,4
216,4
217,8
218,7
219,0
220,1
221,9
222,6
223,7
224,6
225,3
226,2
227,8
228,6
229,1
230,5
231,5
232,2
233,6
234,3
235,1
236,0
237,8
238,3
239,0
240,4
241,4
242,5
243,5
244,6
245,1
246,1
247,6
248,8
249,7
250,2
251,4
252,6
253,1
254,4
255,5
256,1
257,9
258,0
259,3
260,4
261,9
262,1
263,5
264,5
265,8
266,1
267,1
268,2
269,2
270,6
271,3
272,6
273,8
274,8
275,0
276,1
277,5
278,2
279,1
280,2
281,8
282,5
283,6
284,4
285,8
286,6
287,4
288,2
289,8
290,1
291,2
292,0
293,0
294,5
295,6
296,2
297,9
298,7
299,5
300,9
301,2
302,8
303,2
304,5
305,3
306,2
307,9
308,8
309,3
310,7
311,7
312,1
313,8
314,2
315,9
316,3
317,4
318,7
319,3
320,7
321,5
322,5
323,6
324,9
325,9
326,5
327,8
328,7
329,1
330,0
331,4
332,9
333,8
334,4
335,3
336,9
337,4
338,0
339,7
340,4
341,5
342,9
343,9
344,1
345,5
346,0
347,1
348,3
349,0
350,6
351,2
352,3
353,9
354,6
355,6
356,2
357,2
358,8
359,9
360,9
361,2
362,0
363,9
364,6
365,9
366,3
367,1
368,9
369,0
370,1
371,7
372,9
373,3
374,7
375,7
376,3
377,5
378,4
379,5
380,5
381,7
382,0
383,9
384,8
385,8
386,7
387,4
388,4
389,7
390,2
391,6
392,2
393,2
394,5
395,8
396,2
397,1
398,8
399,4
400,2
401,3
402,3
403,6
404,1
405,1
406,7
407,3
408,7
409,5
410,0
411,7
412,3
413,4
414,4
415,6
416,0
417,5
418,5
419,5
420,0
421,7
422,8
423,2
424,3
425,8
426,9
427,6
428,1
429,0
430,0
431,0
432,4
433,8
434,3
435,3
436,3
437,1
438,7
439,5
440,9
441,3
442,8
443,3
444,1
445,1
446,9
447,0
448,5
449,1
450,8
451,1
452,3
453,1
454,4
455,4
456,9
457,5
458,8
459,6
460,9
461,5
462,1
463,4
464,8
465,3
466,1
467,2
468,1
469,5
470,0
471,4
472,4
473,9
474,5
475,6
476,9
477,8
478,2
479,3
480,2
481,3
482,9
483,2
484,1
485,6
486,7
487,2
488,5
489,1
490,7
491,1
492,3
493,4
494,5
495,0
496,6
497,6
498,2
499,7
500,9
501,2
502,2
503,9
504,4
505,1
506,4
507,7
508,1
509,6
510,9
511,4
512,5
513,5
514,1
515,1
516,1
517,5
518,1
519,8
520,2
521,5
522,9
523,1
524,1
525,2
526,9
527,6
528,2
529,4
530,0
531,3
532,2
533,9
534,9
535,2
536,8
537,7
538,0
539,5
540,0
541,2
542,0
543,0
544,2
545,2
546,0
547,9
548,2
549,5
550,7
551,6
552,0
553,2
554,8
555,6
556,9
557,7
558,3
559,1
560,5
561,2
562,8
563,7
564,6
565,9
566,2
567,4
568,4
569,7
570,2
571,4
572,3
573,7
574,6
575,9
576,2
577,7
578,7
579,7
580,0
581,1
582,7
583,3
584,8
585,2
586,4
587,5
588,8
589,8
590,3
591,7
592,4
593,5
594,8
595,3
596,0
597,3
598,8
599,3
600,4
601,5
602,9
603,1
604,1
605,8
606,9
607,0
608,7
609,0
610,0
611,2
612,3
613,8
614,1
615,7
616,7
617,0
618,2
619,2
620,7
621,0
622,2
623,3
624,2
625,9
626,4
627,2
628,2
629,2
630,1
631,3
632,2
633,9
634,6
635,5
636,8
637,7
638,8
639,6
640,1
641,6
642,8
643,6
644,1
645,1
646,6
647,4
648,1
649,1
650,7
651,7
652,0
653,3
654,8
655,5
656,5
657,9
658,0
659,9
660,9
661,7
662,0
663,0
664,2
665,6
666,5
667,1
668,1
669,4
670,1
671,2
672,6
673,8
674,1
675,5
676,6
677,6
678,6
679,1
680,9
681,6
682,9
683,3
684,7
685,4
686,1
687,3
688,1
689,0
690,0
691,7
692,9
693,6
694,1
695,1
696,6
697,4
698,3
699,1
700,3
701,4
702,4
703,0
704,4
705,0
706,7
707,2
708,6
709,0
710,4
711,9
712,0
713,9
714,6
715,0
716,3
717,5
718,9
719,0
720,0
721,9
722,2
723,5
724,1
725,6
726,2
727,7
728,1
729,9
730,1
731,7
732,4
733,9
734,6
735,0
736,3
737,0
738,2
739,1
740,9
741,2
742,3
743,7
744,5
745,4
746,0
747,9
748,8
749,5
750,9
751,4
752,7
753,8
754,9
755,7
756,2
757,1
758,1
759,8
760,0
761,9
762,2
763,1
764,7
765,4
766,5
767,3
768,7
769,7
770,2
771,5
772,5
773,0
774,1
775,4
776,8
777,8
778,2
779,4
780,4
781,8
782,5
783,3
784,6
785,2
786,0
787,7
788,1
789,4
790,1
791,2
792,0
793,6
794,0
795,7
796,5
797,5
798,8
799,0
800,4
801,5
802,9
803,9
804,4
805,5
806,2
807,8
808,9
809,1
810,9
811,2
812,8
813,6
814,4
815,9
816,1
817,3
818,5
819,8
820,7
821,1
822,9
823,7
824,6
825,2
826,6
827,6
828,1
829,9
830,1
831,3
832,3
833,7
834,8
835,5
836,5
837,9
838,4
839,0
840,1
841,1
842,4
843,0
844,0
845,4
846,2
847,7
848,9
849,2
850,6
851,4
852,0
853,2
854,7
855,7
856,8
857,5
858,0
859,3
860,9
861,1
862,3
863,3
864,3
865,2
866,0
867,4
868,7
869,1
870,8
871,9
872,9
873,2
874,5
875,1
876,5
877,9
878,9
879,8
880,1
881,0
882,4
883,8
884,0
885,7
886,1
887,3
888,6
889,8
890,4
891,3
892,0
893,0
894,0
895,0
896,4
897,4
898,4
899,9
900,5
901,3
902,5
903,9
904,5
905,8
906,2
907,5
908,9
909,2
910,5
911,1
912,9
913,2
914,7
915,3
916,9
917,7
918,2
919,1
920,6
921,3
922,8
923,7
924,0
925,8
926,9
927,7
928,9
929,3
930,0
931,6
932,0
933,8
934,0
935,5
936,3
937,5
938,7
939,9
940,2
941,8
942,5
943,6
944,4
945,3
946,2
947,1
948,5
949,4
950,0
951,2
952,7
953,8
954,1
955,7
956,3
957,5
958,4
959,4
960,8
961,1
962,6
963,6
964,6
965,6
966,8
967,4
968,1
969,6
970,1
971,6
972,7
973,4
974,3
975,2
976,2
977,3
978,5
979,5
980,1
981,9
982,5
983,8
984,9
985,9
986,2
987,3
988,1
989,7
990,8
991,7
992,3
993,0
994,4
995,7
996,1
997,3
998,2
999,6
1000,4
1001,6
1002,2
1003,7
1004,4
1005,0
1006,4
1007,0
1008,4
1009,1
1010,7
1011,2
1012,6
1013,5
1014,4
1015,4
1016,1
1017,3
1018,2
1019,4
1020,5
1021,7
1022,3
1023,4
1024,5
1025,8
1026,5
1027,3
1028,6
1029,8
1030,8
1031,3
1032,1
1033,6
1034,8
1035,8
1036,1
1037,5
1038,6
1039,4
1040,6
1041,3
1042,1
1043,5
1044,1
1045,1
1046,4
1047,2
1048,6
1049,9
1050,0
1051,7
1052,8
1053,0
1054,7
1055,3
1056,5
1057,1
1058,1
1059,8
1060,2
1061,9
1062,5
1063,0
1064,6
1065,8
1066,5
1067,0
1068,9
1069,8
1070,4
1071,8
1072,9
1073,5
1074,5
1075,4
1076,5
1077,9
1078,3
1079,1
1080,4
1081,9
1082,2
1083,1
1084,6
1085,4
1086,5
1087,5
1088,5
1089,3
1090,5
1091,8
1092,2
1093,4
1094,8
1095,8
1096,6
1097,8
1098,1
1099,2
1100,3
1101,5
1102,5
1103,8
1104,9
1105,6
1106,2
1107,9
1108,2
1109,9
1110,0
1111,0
1112,1
1113,1
1114,2
1115,1
1116,2
1117,4
1118,0
1119,5
1120,4
1121,8
1122,1
1123,2
1124,8
1125,5
1126,2
1127,5
1128,9
1129,1
1130,5
1131,4
1132,5
1133,8
1134,1
1135,7
1136,8
1137,7
1138,4
1139,7
1140,7
1141,3
1142,2
1143,8
1144,8
1145,0
1146,1
1147,4
1148,4
1149,7
1150,1
1151,4
1152,4
1153,6
1154,4
1155,1
1156,1
1157,8
1158,7
1159,4
1160,2
1161,4
1162,3
1163,5
1164,2
1165,6
1166,6
1167,0
1168,4
1169,6
1170,4
1171,1
1172,7
1173,5
1174,1
1175,4
1176,7
1177,0
1178,5
1179,6
1180,2
1181,0
1182,1
1183,6
1184,5
1185,5
1186,5
1187,8
1188,2
1189,0
1190,1
1191,4
1192,4
1193,7
1194,8
1195,1
1196,7
1197,7
1198,2
1199,7
1200,6
1201,6
1202,2
1203,8
1204,1
1205,4
1206,5
1207,3
1208,7
1209,4
1210,8
1211,0
1212,8
1213,8
1214,3
1215,5
1216,6
1217,4
1218,9
1219,0
1220,8
1221,9
1222,9
1223,9
1224,6
1225,0
1226,5
1227,0
1228,6
1229,2
1230,5
1231,3
1232,5
1233,0
1234,8
1235,0
1236,7
1237,6
1238,6
1239,4
1240,5
1241,2
1242,9
1243,7
1244,7
1245,8
1246,1
1247,5
1248,8
1249,4
1250,1
1251,7
1252,9
1253,1
1254,5
1255,7
1256,5
1257,8
1258,0
1259,4
1260,1
1261,6
1262,6
1263,8
1264,7
1265,6
1266,1
1267,3
1268,2
1269,9
1270,6
1271,5
1272,5
1273,4
1274,8
1275,1
1276,6
1277,3
1278,3
1279,7
1280,7
1281,5
1282,0
1283,7
1284,5
1285,6
1286,2
1287,2
1288,9
1289,9
1290,0
1291,0
1292,2
1293,3
1294,1
1295,7
1296,5
1297,1
1298,8
1299,9
1300,5
1301,5
1302,3
1303,5
1304,1
1305,4
1306,7
1307,0
1308,3
1309,1
1310,6
1311,8
1312,5
1313,1
1314,9
1315,9
1316,6
1317,6
1318,9
1319,6
1320,6
1321,3
1322,9
1323,1
1324,6
1325,4
1326,9
1327,5
1328,9
1329,1
1330,5
1331,5
1332,2
1333,0
1334,7
1335,9
1336,8
1337,6
1338,4
1339,5
1340,0
1341,5
1342,4
1343,8
1344,6
1345,2
1346,4
1347,9
1348,0
1349,3
1350,4
1351,6
1352,4
1353,8
1354,6
1355,7
1356,3
1357,8
1358,0
1359,9
1360,4
1361,5
1362,9
1363,2
1364,8
1365,0
1366,1
1367,8
1368,0
1369,2
1370,4
1371,5
1372,2
1373,4
1374,3
1375,9
1376,8
1377,9
1378,9
1379,1
1380,5
1381,7
1382,3
1383,6
1384,2
1385,2
1386,4
1387,5
1388,6
1389,5
1390,8
1391,2
1392,3
1393,1
1394,1
1395,7
1396,3
1397,3
1398,1
1399,9
1400,1
1401,8
1402,4
1403,9
1404,1
1405,3
1406,1
1407,2
1408,9
1409,3
1410,2
1411,4
1412,4
1413,7
1414,7
1415,5
1416,0
1417,0
1418,5
1419,8
1420,1
1421,6
1422,2
1423,2
1424,3
1425,3
1426,1
1427,2
1428,7
1429,0
1430,7
1431,8
1432,4
1433,5
1434,3
1435,7
1436,8
1437,6
1438,2
1439,6
1440,6
1441,7
1442,2
1443,1
1444,8
1445,0
1446,0
1447,8
1448,0
1449,4
1450,9
1451,3
1452,8
1453,0
1454,9
1455,6
1456,7
1457,6
1458,7
1459,2
1460,3
1461,9
1462,3
1463,6
1464,6
1465,8
1466,8
1467,8
1468,7
1469,3
1470,3
1471,4
1472,9
1473,3
1474,1
1475,7
1476,1
1477,3
1478,8
1479,5
1480,5
1481,5
1482,2
1483,2
1484,8
1485,6
1486,2
1487,0
1488,5
1489,7
1490,4
1491,8
1492,8
1493,8
1494,4
1495,1
1496,8
1497,8
1498,0
1499,8
1500,3
1501,3
1502,9
1503,6
1504,4
1505,5
1506,4
1507,9
1508,7
1509,2
1510,7
1511,3
1512,3
1513,1
1514,5
1515,6
1516,8
1517,6
1518,2
1519,8
1520,1
1521,1
1522,3
1523,9
1524,0
1525,7
1526,2
1527,0
1528,4
1529,7
1530,2
1531,5
1532,5
1533,7
1534,2
1535,4
1536,7
1537,2
1538,1
1539,3
1540,4
1541,3
1542,5
1543,1
1544,1
1545,3
1546,2
1547,3
1548,5
1549,6
1550,6
1551,3
1552,3
1553,7
1554,9
1555,0
1556,9
1557,1
1558,9
1559,3
1560,9
1561,7
1562,5
1563,6
1564,9
1565,9
1566,1
1567,6
1568,3
1569,1
1570,5
1571,6
1572,3
1573,3
1574,7
1575,6
1576,2
1577,8
1578,5
1579,9
1580,5
1581,5
1582,2
1583,4
1584,0
1585,1
1586,4
1587,5
1588,8
1589,1
1590,2
1591,4
1592,3
1593,2
1594,3
1595,7
1596,0
1597,3
1598,9
1599,4
1600,3
1601,2
1602,6
1603,2
1604,7
1605,8
1606,7
1607,3
1608,6
1609,0
1610,0
1611,3
1612,8
1613,3
1614,8
1615,1
1616,8
1617,4
1618,5
1619,4
1620,6
1621,1
1622,5
1623,0
1624,9
1625,5
1626,4
1627,7
1628,9
1629,4
1630,0
1631,7
1632,0
1633,6
1634,5
1635,3
1636,1
1637,8
1638,0
1639,9
1640,0
1641,8
1642,8
1643,2
1644,6
1645,0
1646,9
1647,5
1648,7
1649,8
1650,5
1651,4
1652,8
1653,0
1654,1
1655,8
1656,8
1657,1
1658,2
1659,3
1660,0
1661,9
1662,7
1663,7
1664,0
1665,7
1666,8
1667,9
1668,6
1669,0
1670,5
1671,4
1672,3
1673,2
1674,1
1675,5
1676,0
1677,5
1678,4
1679,6
1680,4
1681,4
1682,3
1683,6
1684,9
1685,7
1686,7
1687,7
1688,9
1689,4
1690,6
1691,7
1692,3
1693,1
1694,5
1695,3
1696,7
1697,9
1698,9
1699,1
1700,0
1701,7
1702,1
1703,1
1704,6
1705,9
1706,3
1707,9
1708,5
1709,1
1710,6
1711,8
1712,4
1713,4
1714,5
1715,7
1716,6
1717,8
1718,7
1719,5
1720,6
1721,0
1722,7
1723,5
1724,4
1725,2
1726,4
1727,4
1728,4
1729,9
1730,2
1731,1
1732,6
1733,7
1734,3
1735,5
1736,7
1737,9
1738,1
1739,7
1740,6
1741,1
1742,4
1743,6
1744,1
1745,5
1746,6
1747,5
1748,0
1749,6
1750,2
1751,1
1752,2
1753,7
1754,8
1755,4
1756,8
1757,9
1758,4
1759,5
1760,2
1761,8
1762,6
1763,5
1764,0
1765,6
1766,5
1767,1
1768,1
1769,2
1770,5
1771,8
1772,7
1773,5
1774,4
1775,0
1776,4
1777,0
1778,7
1779,5
1780,3
1781,0
1782,5
1783,5
1784,2
1785,7
1786,9
1787,9
1788,1
1789,2
1790,3
1791,3
1792,7
1793,7
1794,5
1795,9
1796,1
1797,2
1798,2
1799,1
1800,3
1801,7
1802,7
1803,8
1804,9
1805,2
1806,4
1807,7
1808,1
1809,9
1810,5
1811,5
1812,5
1813,6
1814,5
1815,0
1816,8
1817,2
1818,1
1819,7
1820,2
1821,0
1822,4
1823,0
1824,3
1825,1
1826,7
1827,9
1828,5
1829,6
1830,7
1831,3
1832,0
1833,3
1834,7
1835,7
1836,6
1837,7
1838,1
1839,4
1840,4
1841,8
1842,6
1843,2
1844,2
1845,5
1846,8
1847,9
1848,3
1849,0
1850,0
1851,2
1852,9
1853,7
1854,6
1855,5
1856,1
1857,4
1858,7
1859,1
1860,2
1861,0
1862,6
1863,2
1864,2
1865,5
1866,4
1867,1
1868,1
1869,9
1870,4
1871,4
1872,3
1873,6
1874,0
1875,2
1876,1
1877,3
1878,8
1879,5
1880,2
1881,3
1882,5
1883,6
1884,9
1885,4
1886,1
1887,2
1888,5
1889,8
1890,8
1891,7
1892,1
1893,9
1894,3
1895,2
1896,8
1897,4
1898,5
1899,6
1900,4
1901,4
1902,9
1903,7
1904,6
1905,7
1906,4
1907,1
1908,6
1909,4
1910,4
1911,1
1912,5
1913,6
1914,7
1915,6
1916,2
1917,5
1918,0
1919,9
1920,1
1921,0
1922,2
1923,4
1924,8
1925,1
1926,8
1927,2
1928,9
1929,8
1930,2
1931,7
1932,8
1933,8
1934,4
1935,8
1936,2
1937,2
1938,7
1939,4
1940,3
1941,3
1942,9
1943,1
1944,6
1945,1
1946,3
1947,5
1948,7
1949,7
1950,1
1951,0
1952,9
1953,1
1954,4
1955,8
1956,1
1957,6
1958,4
1959,3
1960,3
1961,1
1962,0
1963,5
1964,2
1965,4
1966,3
1967,1
1968,2
1969,2
1970,5
1971,8
1972,5
1973,0
1974,3
1975,9
1976,0
1977,8
1978,6
1979,4
1980,1
1981,7
1982,9
1983,1
1984,6
1985,1
1986,0
1987,2
1988,0
1989,1
1990,0
1991,1
1992,5
1993,4
1994,3
1995,5
1996,6
1997,1
1998,2
1999,1
2000,3
2001,5
2002,4
2003,3
2004,4
2005,6
2006,1
2007,9
2008,2
2009,3
2010,0
2011,8
2012,9
2013,6
2014,5
2015,0
2016,1
2017,3
2018,0
2019,6
2020,3
2021,8
2022,0
2023,3
2024,6
2025,9
2026,1
2027,3
2028,0
2029,3
2030,9
2031,9
2032,1
2033,7
2034,2
2035,4
2036,6
2037,0
2038,0
2039,8
2040,3
2041,6
2042,6
2043,9
2044,4
2045,6
2046,0
2047,3
2048,8
2049,1
2050,4
2051,5
2052,9
2053,7
2054,2
2055,5
2056,4
2057,3
2058,2
2059,8
2060,6
2061,7
2062,5
2063,8
2064,0
2065,0
2066,9
2067,7
2068,0
2069,7
2070,3
2071,7
2072,9
2073,9
2074,9
2075,7
2076,7
2077,2
2078,3
2079,3
2080,8
2081,3
2082,1
2083,5
2084,5
2085,2
2086,6
2087,5
2088,5
2089,8
2090,5
2091,2
2092,2
2093,9
2094,9
2095,0
2096,9
2097,0
2098,0
2099,2
2100,0
2101,3
2102,5
2103,0
2104,8
2105,1
2106,3
2107,1
2108,8
2109,3
2110,2
2111,7
2112,5
2113,3
2114,0
2115,1
2116,6
2117,7
2118,5
2119,6
2120,0
2121,1
2122,9
2123,5
2124,7
2125,8
2126,4
2127,1
2128,8
2129,4
2130,4
2131,1
2132,3
2133,1
2134,9
2135,4
2136,1
2137,4
2138,5
2139,6
2140,6
2141,0
2142,2
2143,8
2144,5
2145,0
2146,0
2147,7
2148,4
2149,7
2150,9
2151,4
2152,0
2153,6
2154,5
2155,7
2156,6
2157,5
2158,1
2159,3
2160,5
2161,5
2162,5
2163,4
2164,4
2165,0
2166,1
2167,8
2168,8
2169,0
2170,8
2171,0
2172,2
2173,8
2174,4
2175,0
2176,6
2177,2
2178,1
2179,5
2180,3
2181,6
2182,8
2183,4
2184,1
2185,6
2186,7
2187,3
2188,7
2189,6
2190,8
2191,2
2192,0
2193,5
2194,6
2195,2
2196,4
2197,0
2198,3
2199,8
2200,7
2201,7
2202,7
2203,1
2204,7
2205,7
2206,7
2207,6
2208,1
2209,6
2210,5
2211,7
2212,3
2213,6
2214,2
2215,7
2216,2
2217,7
2218,4
2219,6
2220,2
2221,9
2222,9
2223,6
2224,6
2225,4
2226,3
2227,2
2228,5
2229,5
2230,0
2231,0
2232,4
2233,0
2234,2
2235,6
2236,2
2237,1
2238,1
2239,0
2240,3
2241,8
2242,5
2243,0
2244,0
2245,4
2246,6
2247,5
2248,8
2249,8
2250,1
2251,1
2252,7
2253,4
2254,6
2255,6
2256,5
2257,1
2258,3
2259,2
2260,0
2261,1
2262,4
2263,3
2264,6
2265,5
2266,0
2267,1
2268,2
2269,9
2270,1
2271,9
2272,3
2273,7
2274,1
2275,6
2276,6
2277,5
2278,8
2279,0
2280,0
2281,2
2282,4
2283,3
2284,7
2285,0
2286,2
2287,5
2288,4
2289,1
2290,7
2291,4
2292,3
2293,2
2294,0
2295,5
2296,0
2297,3
2298,6
2299,1
2300,1
2301,3
2302,7
2303,5
2304,3
2305,1
2306,3
2307,0
2308,2
2309,0
2310,5
2311,5
2312,3
2313,1
2314,5
2315,9
2316,1
2317,0
2318,5
2319,8
2320,3
2321,5
2322,2
2323,1
2324,6
2325,6
2326,7
2327,6
2328,8
2329,4
2330,1
2331,1
2332,9
2333,6
2334,2
2335,3
2336,9
2337,6
2338,1
2339,0
2340,5
2341,1
2342,0
2343,9
2344,7
2345,2
2346,7
2347,2
2348,7
2349,8
2350,1
2351,7
2352,9
2353,0
2354,1
2355,2
2356,8
2357,9
2358,9
2359,8
2360,5
2361,1
2362,5
2363,3
2364,6
2365,3
2366,2
2367,1
2368,4
2369,6
2370,4
2371,7
2372,7
2373,1
2374,6
2375,7
2376,5
2377,9
2378,3
2379,8
2380,6
2381,4
2382,4
2383,6
2384,5
2385,4
2386,2
2387,2
2388,5
2389,6
2390,9
2391,1
2392,1
2393,0
2394,0
2395,4
2396,0
2397,8
2398,5
2399,0
2400,9
2401,5
2402,8
2403,8
2404,8
2405,7
2406,2
2407,1
2408,7
2409,3
2410,1
2411,1
2412,5
2413,8
2414,5
2415,5
2416,0
2417,4
2418,2
2419,7
2420,3
2421,3
2422,6
2423,9
2424,0
2425,5
2426,5
2427,2
2428,7
2429,8
2430,6
2431,8
2432,2
2433,3
2434,0
2435,8
2436,3
2437,5
2438,1
2439,7
2440,7
2441,1
2442,2
2443,5
2444,6
2445,5
2446,5
2447,7
2448,5
2449,3
2450,1
2451,1
2452,1
2453,0
2454,5
2455,0
2456,5
2457,8
2458,5
2459,8
2460,5
2461,7
2462,4
2463,3
2464,8
2465,8
2466,1
2467,2
2468,3
2469,5
2470,4
2471,0
2472,3
2473,5
2474,1
2475,8
2476,8
2477,9
2478,8
2479,3
2480,1
2481,0
2482,3
2483,4
2484,1
2485,2
2486,2
2487,8
2488,1
2489,6
2490,0
2491,5
2492,7
2493,6
2494,5
2495,8
2496,0
2497,2
2498,5
2499,9
2500,5
2501,2
2502,7
2503,0
2504,9
2505,0
2506,2
2507,9
2508,9
2509,9
2510,6
2511,7
2512,5
2513,8
2514,4
2515,9
2516,3
2517,5
2518,8
2519,8
2520,6
2521,9
2522,9
2523,9
2524,2
2525,5
2526,7
2527,5
2528,8
2529,9
2530,1
2531,9
2532,4
2533,7
2534,0
2535,2
2536,2
2537,2
2538,5
2539,5
2540,7
2541,3
2542,5
2543,1
2544,2
2545,1
2546,3
2547,3
2548,4
2549,4
2550,1
2551,2
2552,3
2553,7
2554,1
2555,9
2556,2
2557,6
2558,6
2559,5
2560,8
2561,4
2562,2
2563,5
2564,2
2565,8
2566,6
2567,9
2568,1
2569,6
2570,5
2571,6
2572,8
2573,9
2574,7
2575,0
2576,1
2577,9
2578,2
2579,9
2580,5
2581,8
2582,2
2583,0
2584,9
2585,4
2586,1
2587,0
2588,2
2589,7
2590,3
2591,5
2592,7
2593,6
2594,8
2595,4
2596,4
2597,5
2598,3
2599,5
2600,0
2601,5
2602,0
2603,3
2604,6
2605,9
2606,8
2607,9
2608,6
2609,1
2610,1
2611,5
2612,6
2613,0
2614,2
2615,7
2616,5
2617,9
2618,6
2619,6
2620,8
2621,5
2622,7
2623,1
2624,6
2625,5
2626,2
2627,1
2628,6
2629,3
2630,8
2631,5
2632,2
2633,7
2634,7
2635,8
2636,0
2637,4
2638,3
2639,8
2640,3
2641,1
2642,9
2643,4
2644,0
2645,9
2646,8
2647,7
2648,1
2649,3
2650,2
2651,3
2652,5
2653,5
2654,4
2655,4
2656,5
2657,4
2658,3
2659,3
2660,1
2661,7
2662,2
2663,2
2664,3
2665,7
2666,4
2667,5
2668,7
2669,6
2670,7
2671,1
2672,7
2673,6
2674,0
2675,0
2676,1
2677,6
2678,4
2679,4
2680,4
2681,2
2682,5
2683,8
2684,8
2685,7
2686,9
2687,5
2688,1
2689,6
2690,1
2691,8
2692,6
2693,0
2694,4
2695,2
2696,5
2697,4
2698,4
2699,5
2700,6
2701,2
2702,4
2703,5
2704,7
2705,7
2706,1
2707,9
2708,9
2709,8
2710,8
2711,1
2712,9
2713,9
2714,7
2715,7
2716,9
2717,7
2718,9
2719,1
2720,0
2721,5
2722,3
2723,2
2724,9
2725,3
2726,8
2727,3
2728,7
2729,6
2730,5
2731,5
2732,3
2733,1
2734,9
2735,7
2736,4
2737,0
2738,1
2739,0
2740,9
2741,7
2742,7
2743,0
2744,4
2745,6
2746,3
2747,3
2748,8
2749,4
2750,4
2751,8
2752,2
2753,9
2754,1
2755,0
2756,5
2757,3
2758,0
2759,4
2760,5
2761,6
2762,3
2763,4
2764,5
2765,1
2766,0
2767,5
2768,5
2769,9
2770,3
2771,5
2772,4
2773,4
2774,5
2775,0
2776,5
2777,7
2778,1
2779,8
2780,2
2781,8
2782,0
2783,0
2784,7
2785,4
2786,8
2787,8
2788,9
2789,0
2790,6
2791,8
2792,0
2793,3
2794,2
2795,8
2796,6
2797,2
2798,0
2799,9
2800,3
2801,4
2802,7
2803,9
2804,2
2805,9
2806,3
2807,4
2808,7
2809,1
2810,0
2811,1
2812,3
2813,0
2814,8
2815,6
2816,5
2817,1
2818,5
2819,9
2820,6
2821,9
2822,6
2823,1
2824,5
2825,1
2826,9
2827,3
2828,8
2829,3
2830,9
2831,5
2832,1
2833,7
2834,7
2835,2
2836,4
2837,3
2838,3
2839,0
2840,2
2841,2
2842,6
2843,6
2844,3
2845,8
2846,2
2847,0
2848,1
2849,6
2850,3
2851,6
2852,5
2853,2
2854,7
2855,4
2856,6
2857,0
2858,7
2859,8
2860,6
2861,6
2862,4
2863,9
2864,5
2865,7
2866,3
2867,4
2868,9
2869,6
2870,5
2871,7
2872,8
2873,0
2874,1
2875,9
2876,3
2877,3
2878,5
2879,4
2880,3
2881,2
2882,6
2883,5
2884,9
2885,5
2886,4
2887,3
2888,0
2889,8
2890,9
2891,8
2892,5
2893,9
2894,5
2895,5
2896,2
2897,1
2898,5
2899,8
2900,3
2901,8
2902,2
2903,8
2904,4
2905,2
2906,3
2907,9
2908,6
2909,6
2910,4
2911,8
2912,3
2913,8
2914,3
2915,5
2916,2
2917,5
2918,9
2919,7
2920,1
2921,3
2922,8
2923,3
2924,9
2925,5
2926,6
2927,1
2928,0
2929,0
2930,0
2931,2
2932,1
2933,3
2934,1
2935,1
2936,0
2937,7
2938,5
2939,2
2940,9
2941,5
2942,0
2943,7
2944,2
2945,8
2946,0
2947,9
2948,6
2949,3
2950,5
2951,2
2952,9
2953,2
2954,9
2955,8
2956,2
2957,4
2958,2
2959,4
2960,0
2961,0
2962,8
2963,5
2964,4
2965,5
2966,8
2967,9
2968,3
2969,7
2970,8
2971,4
2972,9
2973,4
2974,6
2975,1
2976,9
2977,0
2978,3
2979,2
2980,7
2981,9
2982,1
2983,2
2984,1
2985,5
2986,3
2987,8
2988,2
2989,2
2990,0
2991,7
2992,3
2993,2
2994,7
2995,0
2996,9
2997,8
2998,0
2999,9
3000,4
3001,0
3002,9
3003,5
3004,3
3005,1
3006,8
3007,4
3008,5
3009,1
3010,9
3011,6
3012,1
3013,5
3014,1
3015,0
3016,6
3017,2
3018,6
3019,8
3020,6
3021,9
3022,2
3023,0
3024,5
3025,5
3026,2
3027,7
3028,1
3029,2
3030,3
3031,1
3032,3
3033,4
3034,8
3035,7
3036,0
3037,8
3038,5
3039,7
3040,6
3041,7
3042,8
3043,1
3044,1
3045,7
3046,0
3047,5
3048,6
3049,9
3050,6
3051,8
3052,9
3053,4
3054,5
3055,1
3056,8
3057,8
3058,0
3059,0
3060,0
3061,0
3062,7
3063,2
3064,1
3065,5
3066,2
3067,3
3068,5
3069,0
3070,1
3071,8
3072,8
3073,1
3074,0
3075,6
3076,7
3077,6
3078,2
3079,6
3080,3
3081,7
3082,4
3083,2
3084,1
3085,6
3086,9
3087,2
3088,8
3089,5
3090,5
3091,1
3092,2
3093,9
3094,0
3095,0
3096,1
3097,7
3098,1
3099,9
3100,4
3101,3
3102,4
3103,8
3104,5
3105,6
3106,8
3107,7
3108,1
3109,2
3110,2
3111,0
3112,0
3113,4
3114,5
3115,6
3116,7
3117,7
3118,5
3119,9
3120,3
3121,4
3122,4
3123,4
3124,2
3125,4
3126,6
3127,9
3128,7
3129,3
3130,0
3131,4
3132,6
3133,3
3134,9
3135,7
3136,6
3137,2
3138,8
3139,8
3140,5
3141,4
3142,1
3143,4
3144,1
3145,5
3146,5
3147,3
3148,5
3149,2
3150,0
3151,1
3152,3
3153,2
3154,1
3155,3
3156,4
3157,6
3158,7
3159,2
3160,9
3161,9
3162,9
3163,6
3164,1
3165,1
3166,1
3167,2
3168,5
3169,1
3170,8
3171,8
3172,9
3173,0
3174,3
3175,2
3176,0
3177,7
3178,6
3179,3
3180,5
3181,4
3182,5
3183,5
3184,2
3185,5
3186,3
3187,1
3188,6
3189,2
3190,7
3191,1
3192,0
3193,7
3194,0
3195,5
3196,3
3197,5
3198,7
3199,8
3200,0
3201,6
3202,2
3203,3
3204,6
3205,2
3206,4
3207,1
3208,2
3209,7
3210,6
3211,5
3212,0
3213,9
3214,8
3215,4
3216,0
3217,9
3218,6
3219,0
3220,4
3221,7
3222,0
3223,1
3224,9
3225,1
3226,1
3227,2
3228,6
3229,2
3230,4
3231,8
3232,4
3233,1
3234,4
3235,8
3236,7
3237,3
3238,1
3239,9
3240,9
3241,7
3242,6
3243,1
3244,2
3245,1
3246,1
3247,9
3248,5
3249,6
3250,9
3251,5
3252,8
3253,8
3254,3
3255,3
3256,8
3257,3
3258,6
3259,5
3260,5
3261,4
3262,4
3263,5
3264,8
3265,3
3266,3
3267,3
3268,8
3269,2
3270,8
3271,8
3272,3
3273,3
3274,5
3275,9
3276,3
3277,2
3278,4
3279,4
3280,2
3281,8
3282,2
3283,9
3284,8
3285,4
3286,0
3287,5
3288,5
3289,4
3290,5
3291,6
3292,2
3293,7
3294,2
3295,3
3296,2
3297,5
3298,5
3299,5
3300,1
3301,6
3302,0
3303,8
3304,4
3305,1
3306,2
3307,0
3308,5
3309,1
3310,3
3311,2
3312,0
3313,1
3314,6
3315,4
3316,0
3317,8
3318,1
3319,6
3320,0
3321,0
3322,7
3323,8
3324,8
3325,3
3326,5
3327,0
3328,1
3329,7
3330,8
3331,1
3332,2
3333,4
3334,6
3335,0
3336,7
3337,4
3338,1
3339,0
3340,9
3341,9
3342,2
3343,1
3344,5
3345,6
3346,2
3347,4
3348,7
3349,6
3350,6
3351,0
3352,1
3353,1
3354,7
3355,7
3356,8
3357,4
3358,9
3359,3
3360,4
3361,7
3362,7
3363,1
3364,4
3365,5
3366,2
3367,8
3368,0
3369,8
3370,7
3371,7
3372,4
3373,3
3374,3
3375,2
3376,7
3377,0
3378,6
3379,9
3380,3
3381,5
3382,8
3383,1
3384,5
3385,5
3386,9
3387,5
3388,3
3389,7
3390,0
3391,1
3392,7
3393,2
3394,9
3395,2
3396,6
3397,0
3398,3
3399,8
3400,4
3401,6
3402,9
3403,1
3404,5
3405,1
3406,3
3407,4
3408,0
3409,5
3410,9
3411,5
3412,2
3413,8
3414,8
3415,7
3416,5
3417,3
3418,3
3419,6
3420,1
3421,3
3422,3
3423,4
3424,0
3425,8
3426,8
3427,1
3428,1
3429,8
3430,1
3431,4
3432,4
3433,9
3434,9
3435,9
3436,0
3437,0
3438,0
3439,2
3440,6
3441,9
3442,3
3443,6
3444,8
3445,1
3446,2
3447,2
3448,5
3449,3
3450,4
3451,4
3452,0
3453,5
3454,5
3455,5
3456,0
3457,6
3458,2
3459,0
3460,3
3461,0
3462,0
3463,5
3464,1
3465,0
3466,3
3467,1
3468,6
3469,1
3470,4
3471,4
3472,8
3473,2
3474,2
3475,1
3476,3
3477,4
3478,4
3479,9
3480,0
3481,6
3482,8
3483,7
3484,5
3485,5
3486,4
3487,3
3488,7
3489,8
3490,6
3491,7
3492,8
3493,1
3494,3
3495,3
3496,0
3497,7
3498,0
3499,6
3500,7
3501,0
3502,5
3503,2
3504,0
3505,2
3506,6
3507,5
3508,0
3509,3
3510,2
3511,9
3512,1
3513,3
3514,2
3515,3
3516,5
3517,1
3518,6
3519,1
3520,2
3521,8
3522,3
3523,2
3524,1
3525,9
3526,7
3527,2
3528,0
3529,4
3530,6
3531,6
3532,9
3533,0
3534,0
3535,2
3536,6
3537,4
3538,1
3539,4
3540,4
3541,3
3542,3
3543,7
3544,7
3545,6
3546,5
3547,8
3548,5
3549,7
3550,7
3551,8
3552,5
3553,6
3554,4
3555,3
3556,9
3557,8
3558,6
3559,7
3560,4
3561,0
3562,1
3563,3
3564,4
3565,0
3566,8
3567,2
3568,9
3569,4
3570,5
3571,7
3572,8
3573,8
3574,8
3575,1
3576,0
3577,2
3578,8
3579,1
3580,1
3581,2
3582,9
3583,5
3584,0
3585,6
3586,3
3587,2
3588,3
3589,5
3590,5
3591,8
3592,9
3593,1
3594,5
3595,4
3596,3
3597,8
3598,1
3599,3
3600,7
3601,8
3602,9
3603,6
3604,2
3605,0
3606,1
3607,4
3608,7
3609,5
3610,2
3611,6
3612,0
3613,3
3614,8
3615,5
3616,2
3617,6
3618,1
3619,3
3620,6
3621,8
3622,9
3623,3
3624,8
3625,0
3626,9
3627,4
3628,2
3629,3
3630,5
3631,3
3632,4
3633,7
3634,1
3635,6
3636,1
3637,1
3638,0
3639,9
3640,4
3641,6
3642,6
3643,5
3644,3
3645,7
3646,8
3647,7
3648,7
3649,0
3650,6
3651,7
3652,7
3653,3
3654,8
3655,7
3656,2
3657,1
3658,8
3659,5
3660,4
3661,9
3662,5
3663,1
3664,5
3665,6
3666,5
3667,3
3668,5
3669,7
3670,5
3671,3
3672,9
3673,4
3674,2
3675,0
3676,1
3677,8
3678,8
3679,2
3680,1
3681,1
3682,0
3683,3
3684,9
3685,7
3686,2
3687,1
3688,5
3689,8
3690,6
3691,6
3692,1
3693,5
3694,1
3695,5
3696,9
3697,2
3698,6
3699,4
3700,1
3701,9
3702,8
3703,5
3704,2
3705,6
3706,6
3707,1
3708,5
3709,4
3710,5
3711,7
3712,2
3713,9
3714,6
3715,7
3716,0
3717,8
3718,5
3719,5
3720,0
3721,2
3722,5
3723,7
3724,0
3725,2
3726,9
3727,8
3728,7
3729,5
3730,6
3731,1
3732,5
3733,3
3734,3
3735,4
3736,7
3737,3
3738,3
3739,4
3740,3
3741,4
3742,5
3743,9
3744,4
3745,8
3746,5
3747,9
3748,2
3749,9
3750,7
3751,9
3752,9
3753,2
3754,0
3755,0
3756,5
3757,1
3758,3
3759,4
3760,4
3761,4
3762,3
3763,2
3764,4
3765,9
3766,8
3767,5
3768,8
3769,8
3770,8
3771,0
3772,6
3773,6
3774,3
3775,5
3776,8
3777,4
3778,9
3779,6
3780,6
3781,6
3782,6
3783,7
3784,6
3785,7
3786,6
3787,3
3788,5
3789,8
3790,7
3791,9
3792,8
3793,0
3794,1
3795,3
3796,4
3797,9
3798,5
3799,0
3800,0
3801,5
3802,8
3803,8
3804,3
3805,1
3806,7
3807,2
3808,3
3809,1
3810,6
3811,5
3812,1
3813,8
3814,3
3815,8
3816,2
3817,6
3818,3
3819,9
3820,3
3821,8
3822,9
3823,9
3824,4
3825,8
3826,8
3827,9
3828,4
3829,3
3830,3
3831,9
3832,0
3833,6
3834,6
3835,1
3836,4
3837,2
3838,4
3839,2
3840,8
3841,1
3842,5
3843,6
3844,2
3845,3
3846,1
3847,7
3848,0
3849,3
3850,1
3851,1
3852,5
3853,8
3854,8
3855,0
3856,1
3857,6
3858,6
3859,7
3860,0
3861,8
3862,4
3863,4
3864,3
3865,4
3866,2
3867,7
3868,9
3869,9
3870,1
3871,9
3872,7
3873,4
3874,9
3875,1
3876,9
3877,2
3878,3
3879,7
3880,3
3881,5
3882,9
3883,5
3884,6
3885,8
3886,2
3887,4
3888,6
3889,1
3890,7
3891,4
3892,7
3893,6
3894,7
3895,2
3896,9
3897,0
3898,1
3899,6
3900,5
3901,1
3902,5
3903,8
3904,6
3905,9
3906,2
3907,5
3908,6
3909,7
3910,6
3911,6
3912,6
3913,1
3914,1
3915,8
3916,5
3917,2
3918,8
3919,8
3920,4
3921,1
3922,7
3923,7
3924,2
3925,9
3926,0
3927,6
3928,6
3929,9
3930,5
3931,8
3932,6
3933,5
3934,0
3935,1
3936,0
3937,7
3938,6
3939,4
3940,1
3941,7
3942,8
3943,1
3944,6
3945,6
3946,0
3947,8
3948,0
3949,9
3950,6
3951,4
3952,2
3953,8
3954,3
3955,6
3956,4
3957,6
3958,4
3959,3
3960,3
3961,1
3962,1
3963,5
3964,1
3965,7
3966,8
3967,0
3968,3
3969,1
3970,8
3971,8
3972,7
3973,9
3974,7
3975,3
3976,3
3977,5
3978,5
3979,5
3980,7
3981,8
3982,7
3983,6
3984,2
3985,2
3986,5
3987,9
3988,0
3989,3
3990,4
3991,1
3992,6
3993,7
3994,1
3995,9
3996,3
3997,9
3998,5
3999,6
4000,1
4001,6
4002,8
4003,1
4004,6
4005,6
4006,5
4007,7
4008,2
4009,9
4010,1
4011,6
4012,4
4013,1
4014,7
4015,7
4016,7
4017,0
4018,8
4019,1
4020,7
4021,3
4022,7
4023,0
4024,2
4025,2
4026,1
4027,8
4028,7
4029,0
4030,1
4031,3
4032,5
4033,4
4034,3
4035,3
4036,4
4037,0
4038,6
4039,1
4040,5
4041,4
4042,3
4043,9
4044,1
4045,4
4046,4
4047,1
4048,9
4049,2
4050,1
4051,1
4052,5
4053,9
4054,3
4055,1
4056,3
4057,3
4058,1
4059,5
4060,1
4061,4
4062,7
4063,8
4064,1
4065,3
4066,3
4067,0
4068,0
4069,3
4070,7
4071,2
4072,9
4073,2
4074,4
4075,2
4076,2
4077,0
4078,0
4079,6
4080,7
4081,8
4082,4
4083,3
4084,2
4085,3
4086,5
4087,2
4088,8
4089,7
4090,0
4091,9
4092,0
4093,5
4094,5
4095,1
4096,4
4097,5
4098,1
4099,7
4100,6
4101,7
4102,5
4103,0
4104,7
4105,9
4106,0
4107,3
4108,8
4109,4
4110,7
4111,9
4112,7
4113,8
4114,7
4115,8
4116,1
4117,1
4118,0
4119,3
4120,7
4121,9
4122,5
4123,5
4124,1
4125,3
4126,5
4127,0
4128,8
4129,1
4130,9
4131,3
4132,5
4133,9
4134,7
4135,4
4136,3
4137,4
4138,7
4139,7
4140,2
4141,4
4142,3
4143,5
4144,0
4145,0
4146,1
4147,4
4148,8
4149,0
4150,4
4151,8
4152,7
4153,5
4154,9
4155,9
4156,2
4157,0
4158,6
4159,9
4160,6
4161,3
4162,3
4163,4
4164,2
4165,6
4166,8
4167,4
4168,3
4169,4
4170,0
4171,6
4172,6
4173,9
4174,4
4175,1
4176,7
4177,4
4178,6
4179,4
4180,8
4181,6
4182,9
4183,1
4184,5
4185,2
4186,0
4187,6
4188,8
4189,2
4190,1
4191,8
4192,1
4193,5
4194,3
4195,1
4196,3
4197,2
4198,0
4199,5
4200,9
4201,2
4202,3
4203,4
4204,5
4205,9
4206,1
4207,6
4208,7
4209,3
4210,8
4211,7
4212,7
4213,7
4214,9
4215,4
4216,8
4217,0
4218,3
4219,6
4220,3
4221,4
4222,9
4223,1
4224,8
4225,9
4226,7
4227,3
4228,3
4229,7
4230,6
4231,4
4232,5
4233,4
4234,7
4235,9
4236,2
4237,1
4238,2
4239,5
4240,9
4241,5
4242,0
4243,4
4244,8
4245,8
4246,2
4247,0
4248,8
4249,5
4250,9
4251,5
4252,2
4253,3
4254,6
4255,9
4256,7
4257,9
4258,7
4259,2
4260,9
4261,0
4262,5
4263,0
4264,1
4265,5
4266,6
4267,0
4268,6
4269,5
4270,3
4271,0
4272,7
4273,2
4274,4
4275,5
4276,1
4277,6
4278,1
4279,7
4280,2
4281,6
4282,2
4283,6
4284,9
4285,8
4286,8
4287,3
4288,8
4289,2
4290,8
4291,0
4292,7
4293,6
4294,4
4295,6
4296,4
4297,4
4298,1
4299,2
4300,4
4301,7
4302,3
4303,9
4304,9
4305,4
4306,1
4307,1
4308,3
4309,5
4310,0
4311,4
4312,1
4313,1
4314,1
4315,1
4316,1
4317,3
4318,7
4319,3
4320,8
4321,5
4322,9
4323,3
4324,0
4325,8
4326,9
4327,9
4328,0
4329,4
4330,5
4331,8
4332,0
4333,3
4334,1
4335,9
4336,7
4337,3
4338,9
4339,1
4340,1
4341,4
4342,6
4343,1
4344,1
4345,7
4346,1
4347,6
4348,3
4349,5
4350,5
4351,4
4352,8
4353,8
4354,2
4355,2
4356,3
4357,3
4358,0
4359,0
4360,8
4361,4
4362,2
4363,3
4364,1
4365,3
4366,1
4367,0
4368,4
4369,6
4370,4
4371,1
4372,8
4373,2
4374,0
4375,9
4376,5
4377,1
4378,2
4379,7
4380,9
4381,0
4382,1
4383,3
4384,8
4385,7
4386,1
4387,9
4388,5
4389,7
4390,6
4391,4
4392,1
4393,3
4394,5
4395,7
4396,9
4397,5
4398,6
4399,3
4400,4
4401,2
4402,7
4403,9
4404,3
4405,7
4406,2
4407,2
4408,5
4409,4
4410,0
4411,6
4412,0
4413,2
4414,3
4415,2
4416,8
4417,9
4418,6
4419,3
4420,3
4421,9
4422,0
4423,4
4424,4
4425,2
4426,8
4427,0
4428,1
4429,7
4430,7
4431,0
4432,9
4433,1
4434,8
4435,1
4436,8
4437,7
4438,8
4439,0
4440,6
4441,0
4442,8
4443,1
4444,5
4445,1
4446,2
4447,8
4448,9
4449,8
4450,3
4451,8
4452,4
4453,4
4454,5
4455,3
4456,4
4457,5
4458,1
4459,4
4460,9
4461,1
4462,1
4463,5
4464,2
4465,7
4466,7
4467,7
4468,4
4469,0
4470,9
4471,1
4472,6
4473,6
4474,7
4475,4
4476,0
4477,7
4478,4
4479,4
4480,8
4481,4
4482,6
4483,0
4484,2
4485,7
4486,2
4487,3
4488,3
4489,3
4490,6
4491,7
4492,0
4493,4
4494,0
4495,5
4496,7
4497,6
4498,0
4499,3
4500,5
4501,4
4502,3
4503,9
4504,5
4505,0
4506,8
4507,3
4508,7
4509,5
4510,1
4511,2
4512,0
4513,3
4514,6
4515,3
4516,3
4517,5
4518,3
4519,2
4520,2
4521,3
4522,4
4523,1
4524,0
4525,7
4526,2
4527,9
4528,5
4529,9
4530,9
4531,9
4532,2
4533,9
4534,9
4535,1
4536,0
4537,2
4538,3
4539,6
4540,8
4541,0
4542,3
4543,1
4544,9
4545,5
4546,4
4547,4
4548,0
4549,4
4550,3
4551,6
4552,6
4553,8
4554,1
4555,5
4556,9
4557,8
4558,4
4559,6
4560,8
4561,6
4562,3
4563,3
4564,7
4565,5
4566,0
4567,4
4568,9
4569,3
4570,6
4571,9
4572,8
4573,3
4574,9
4575,6
4576,0
4577,0
4578,1
4579,4
4580,0
4581,8
4582,7
4583,0
4584,8
4585,6
4586,8
4587,1
4588,7
4589,5
4590,3
4591,2
4592,4
4593,8
4594,4
4595,9
4596,2
4597,1
4598,2
4599,0
4600,9
4601,0
4602,3
4603,6
4604,9
4605,1
4606,7
4607,3
4608,7
4609,0
4610,7
4611,0
4612,6
4613,0
4614,4
4615,2
4616,4
4617,9
4618,2
4619,1
4620,3
4621,0
4622,9
4623,2
4624,7
4625,1
4626,9
4627,0
4628,5
4629,8
4630,6
4631,1
4632,5
4633,8
4634,9
4635,0
4636,0
4637,7
4638,6
4639,8
4640,2
4641,7
4642,1
4643,2
4644,6
4645,9
4646,0
4647,0
4648,5
4649,7
4650,9
4651,3
4652,4
4653,1
4654,4
4655,9
4656,6
4657,3
4658,3
4659,6
4660,4
4661,0
4662,6
4663,4
4664,7
4665,4
4666,9
4667,8
4668,3
4669,4
4670,9
4671,4
4672,0
4673,7
4674,7
4675,2
4676,1
4677,0
4678,9
4679,8
4680,8
4681,2
4682,0
4683,4
4684,4
4685,9
4686,2
4687,1
4688,8
4689,5
4690,9
4691,0
4692,4
4693,5
4694,1
4695,6
4696,8
4697,9
4698,1
4699,3
4700,3
4701,7
4702,6
4703,8
4704,1
4705,3
4706,4
4707,6
4708,0
4709,3
4710,9
4711,3
4712,9
4713,3
4714,3
4715,5
4716,5
4717,7
4718,3
4719,1
4720,1
4721,6
4722,9
4723,5
4724,7
4725,1
4726,3
4727,1
4728,5
4729,1
4730,6
4731,6
4732,0
4733,7
4734,3
4735,2
4736,2
4737,5
4738,3
4739,2
4740,4
4741,1
4742,4
4743,9
4744,8
4745,6
4746,6
4747,8
4748,9
4749,7
4750,8
4751,8
4752,4
4753,1
4754,2
4755,3
4756,4
4757,1
4758,3
4759,2
4760,0
4761,8
4762,2
4763,3
4764,9
4765,7
4766,8
4767,7
4768,1
4769,1
4770,3
4771,7
4772,7
4773,9
4774,0
4775,5
4776,2
4777,5
4778,1
4779,9
4780,6
4781,4
4782,4
4783,0
4784,6
4785,1
4786,8
4787,2
4788,0
4789,9
4790,3
4791,0
4792,8
4793,5
4794,0
4795,1
4796,0
4797,0
4798,2
4799,2
4800,2
4801,6
4802,3
4803,5
4804,4
4805,2
4806,8
4807,9
4808,0
4809,4
4810,3
4811,6
4812,9
4813,9
4814,6
4815,3
4816,6
4817,5
4818,8
4819,4
4820,2
4821,3
4822,9
4823,6
4824,5
4825,9
4826,0
4827,9
4828,3
4829,6
4830,6
4831,8
4832,7
4833,5
4834,4
4835,9
4836,8
4837,0
4838,5
4839,0
4840,4
4841,1
4842,5
4843,6
4844,9
4845,6
4846,5
4847,7
4848,7
4849,7
4850,9
4851,8
4852,5
4853,9
4854,8
4855,6
4856,3
4857,1
4858,1
4859,2
4860,0
4861,6
4862,2
4863,1
4864,2
4865,5
4866,2
4867,2
4868,8
4869,8
4870,2
4871,6
4872,5
4873,5
4874,1
4875,3
4876,1
4877,3
4878,1
4879,5
4880,3
4881,5
4882,4
4883,2
4884,5
4885,6
4886,7
4887,9
4888,4
4889,0
4890,7
4891,1
4892,5
4893,8
4894,5
4895,1
4896,4
4897,2
4898,3
4899,4
4900,0
4901,6
4902,6
4903,2
4904,3
4905,2
4906,1
4907,1
4908,2
4909,2
4910,9
4911,6
4912,9
4913,6
4914,2
4915,4
4916,3
4917,1
4918,5
4919,4
4920,2
4921,9
4922,6
4923,5
4924,9
4925,6
4926,2
4927,5
4928,9
4929,2
4930,3
4931,5
4932,6
4933,8
4934,1
4935,5
4936,8
4937,5
4938,4
4939,2
4940,1
4941,2
4942,5
4943,1
4944,8
4945,0
4946,1
4947,3
4948,3
4949,7
4950,4
4951,6
4952,8
4953,2
4954,2
4955,6
4956,6
4957,3
4958,4
4959,5
4960,9
4961,9
4962,2
4963,5
4964,3
4965,9
4966,5
4967,6
4968,9
4969,6
4970,5
4971,9
4972,5
4973,4
4974,1
4975,7
4976,3
4977,5
4978,8
4979,7
4980,7
4981,5
4982,9
4983,9
4984,9
4985,8
4986,3
4987,0
4988,3
4989,6
4990,2
4991,3
4992,2
4993,9
4994,8
4995,9
4996,1
4997,0
4998,2
4999,2
5000,2
5001,0
5002,9
5003,4
5004,4
5005,1
5006,9
5007,7
5008,1
5009,8
5010,1
5011,7
5012,6
5013,9
5014,5
5015,0
5016,1
5017,5
5018,3
5019,3
5020,5
5021,3
5022,6
5023,1
5024,1
5025,7
5026,3
5027,1
5028,9
5029,2
5030,9
5031,4
5032,1
5033,6
5034,9
5035,6
5036,1
5037,3
5038,2
5039,9
5040,0
5041,7
5042,7
5043,5
5044,0
5045,9
5046,6
5047,0
5048,0
5049,5
5050,1
5051,3
5052,8
5053,6
5054,0
5055,3
5056,8
5057,6
5058,3
5059,1
5060,2
5061,4
5062,2
5063,1
5064,7
5065,8
5066,7
5067,7
5068,5
5069,5
5070,7
5071,4
5072,2
5073,8
5074,0
5075,0
5076,5
5077,8
5078,1
5079,5
5080,7
5081,1
5082,2
5083,2
5084,6
5085,0
5086,9
5087,3
5088,1
5089,9
5090,4
5091,7
5092,7
5093,4
5094,6
5095,7
5096,0
5097,6
5098,3
5099,4
5100,9
5101,0
5102,4
5103,5
5104,7
5105,4
5106,6
5107,4
5108,9
5109,7
5110,2
5111,7
5112,7
5113,2
5114,7
5115,7
5116,7
5117,2
5118,1
5119,4
5120,2
5121,1
5122,2
5123,3
5124,0
5125,3
5126,1
5127,4
5128,8
5129,8
5130,6
5131,2
5132,3
5133,7
5134,5
5135,3
5136,4
5137,6
5138,1
5139,4
5140,1
5141,9
5142,6
5143,8
5144,3
5145,7
5146,6
5147,7
5148,1
5149,4
5150,0
5151,9
5152,1
5153,1
5154,7
5155,7
5156,5
5157,1
5158,6
5159,4
5160,1
5161,7
5162,6
5163,2
5164,2
5165,2
5166,3
5167,5
5168,3
5169,1
5170,4
5171,6
5172,8
5173,1
5174,8
5175,9
5176,2
5177,3
5178,6
5179,7
5180,6
5181,1
5182,1
5183,0
5184,6
5185,4
5186,8
5187,8
5188,1
5189,6
5190,1
5191,3
5192,3
5193,0
5194,1
5195,0
5196,0
5197,3
5198,1
5199,1
5200,7
5201,5
5202,2
5203,2
5204,9
5205,8
5206,6
5207,1
5208,2
5209,3
5210,5
5211,9
5212,1
5213,6
5214,3
5215,8
5216,6
5217,7
5218,3
5219,7
5220,8
5221,5
5222,1
5223,1
5224,5
5225,3
5226,1
5227,9
5228,6
5229,5
5230,4
5231,3
5232,9
5233,5
5234,8
5235,3
5236,5
5237,2
5238,9
5239,6
5240,9
5241,5
5242,7
5243,1
5244,3
5245,9
5246,0
5247,3
5248,8
5249,1
5250,4
5251,5
5252,9
5253,1
5254,5
5255,1
5256,1
5257,1
5258,9
5259,0
5260,8
5261,5
5262,8
5263,6
5264,0
5265,3
5266,7
5267,4
5268,3
5269,8
5270,2
5271,5
5272,1
5273,3
5274,5
5275,6
5276,9
5277,4
5278,3
5279,8
5280,9
5281,0
5282,9
5283,8
5284,1
5285,7
5286,5
5287,2
5288,9
5289,5
5290,2
5291,5
5292,4
5293,4
5294,5
5295,1
5296,3
5297,3
5298,0
5299,6
5300,4
5301,4
5302,4
5303,4
5304,1
5305,6
5306,5
5307,6
5308,5
5309,3
5310,8
5311,0
5312,0
5313,9
5314,5
5315,5
5316,4
5317,7
5318,5
5319,8
5320,5
5321,6
5322,9
5323,2
5324,5
5325,1
5326,3
5327,2
5328,8
5329,5
5330,5
5331,8
5332,9
5333,7
5334,8
5335,5
5336,2
5337,7
5338,3
5339,3
5340,8
5341,9
5342,0
5343,6
5344,9
5345,9
5346,5
5347,4
5348,6
5349,8
5350,1
5351,4
5352,7
5353,3
5354,5
5355,0
5356,4
5357,9
5358,5
5359,1
5360,9
5361,8
5362,7
5363,8
5364,9
5365,5
5366,6
5367,9
5368,9
5369,1
5370,7
5371,2
5372,7
5373,9
5374,6
5375,8
5376,5
5377,6
5378,5
5379,0
5380,9
5381,1
5382,0
5383,8
5384,4
5385,0
5386,8
5387,4
5388,6
5389,7
5390,5
5391,7
5392,5
5393,9
5394,0
5395,3
5396,5
5397,3
5398,6
5399,4
5400,8
5401,5
5402,4
5403,4
5404,6
5405,0
5406,4
5407,5
5408,9
5409,3
5410,8
5411,2
5412,6
5413,8
5414,2
5415,0
5416,7
5417,1
5418,7
5419,6
5420,1
5421,6
5422,3
5423,7
5424,9
5425,6
5426,3
5427,9
5428,9
5429,4
5430,7
5431,5
5432,4
5433,6
5434,5
5435,0
5436,9
5437,5
5438,0
5439,7
5440,6
5441,2
5442,6
5443,4
5444,1
5445,0
5446,5
5447,5
5448,4
5449,1
5450,3
5451,9
5452,0
5453,4
5454,3
5455,5
5456,4
5457,3
5458,9
5459,0
5460,6
5461,1
5462,8
5463,8
5464,6
5465,9
5466,8
5467,4
5468,7
5469,3
5470,3
5471,1
5472,9
5473,5
5474,1
5475,4
5476,5
5477,5
5478,3
5479,7
5480,5
5481,4
5482,5
5483,8
5484,6
5485,0
5486,7
5487,8
5488,5
5489,5
5490,8
5491,8
5492,6
5493,6
5494,0
5495,7
5496,6
5497,4
5498,3
5499,0
5500,7
5501,1
5502,4
5503,8
5504,9
5505,2
5506,3
5507,5
5508,4
5509,6
5510,8
5511,9
5512,7
5513,9
5514,4
5515,4
5516,4
5517,2
5518,2
5519,7
5520,8
5521,4
5522,3
5523,8
5524,1
5525,9
5526,7
5527,0
5528,4
5529,3
5530,0
5531,9
5532,1
5533,0
5534,9
5535,9
5536,5
5537,3
5538,2
5539,9
5540,7
5541,2
5542,5
5543,4
5544,7
5545,1
5546,2
5547,9
5548,2
5549,2
5550,2
5551,8
5552,0
5553,7
5554,8
5555,3
5556,5
5557,2
5558,4
5559,4
5560,7
5561,8
5562,2
5563,6
5564,9
5565,6
5566,9
5567,0
5568,4
5569,8
5570,6
5571,0
5572,4
5573,6
5574,6
5575,8
5576,6
5577,3
5578,5
5579,8
5580,8
5581,7
5582,9
5583,8
5584,4
5585,6
5586,2
5587,5
5588,0
5589,1
5590,2
5591,7
5592,6
5593,0
5594,8
5595,3
5596,2
5597,4
5598,8
5599,1
5600,8
5601,7
5602,9
5603,4
5604,3
5605,6
5606,2
5607,9
5608,9
5609,4
5610,2
5611,7
5612,3
5613,8
5614,6
5615,8
5616,6
5617,7
5618,8
5619,0
5620,0
5621,2
5622,0
5623,8
5624,6
5625,1
5626,1
5627,4
5628,7
5629,1
5630,5
5631,7
5632,3
5633,0
5634,9
5635,6
5636,8
5637,3
5638,0
5639,7
5640,4
5641,4
5642,2
5643,0
5644,8
5645,0
5646,1
5647,5
5648,9
5649,5
5650,5
5651,8
5652,2
5653,3
5654,1
5655,5
5656,3
5657,3
5658,2
5659,5
5660,5
5661,3
5662,3
5663,7
5664,0
5665,6
5666,8
5667,3
5668,3
5669,3
5670,5
5671,9
5672,0
5673,6
5674,9
5675,6
5676,4
5677,1
5678,2
5679,7
5680,9
5681,4
5682,0
5683,9
5684,9
5685,5
5686,2
5687,5
5688,5
5689,6
5690,8
5691,7
5692,8
5693,2
5694,6
5695,3
5696,6
5697,6
5698,3
5699,0
5700,7
5701,2
5702,0
5703,2
5704,1
5705,1
5706,9
5707,2
5708,8
5709,5
5710,6
5711,9
5712,1
5713,8
5714,8
5715,5
5716,1
5717,6
5718,1
5719,4
5720,0
5721,9
5722,0
5723,5
5724,3
5725,5
5726,8
5727,8
5728,3
5729,9
5730,3
5731,5
5732,6
5733,0
5734,9
5735,6
5736,9
5737,5
5738,8
5739,4
5740,9
5741,2
5742,5
5743,6
5744,1
5745,7
5746,4
5747,1
5748,7
5749,8
5750,5
5751,1
5752,6
5753,2
5754,0
5755,2
5756,7
5757,1
5758,9
5759,2
5760,5
5761,6
5762,7
5763,7
5764,9
5765,3
5766,8
5767,5
5768,5
5769,5
5770,3
5771,1
5772,0
5773,5
5774,6
5775,6
5776,7
5777,5
5778,2
5779,1
5780,7
5781,3
5782,9
5783,3
5784,0
5785,9
5786,0
5787,8
5788,4
5789,9
5790,8
5791,0
5792,2
5793,4
5794,3
5795,0
5796,2
5797,8
5798,7
5799,4
5800,7
5801,1
5802,4
5803,8
5804,2
5805,0
5806,0
5807,9
5808,9
5809,8
5810,2
5811,5
5812,2
5813,6
5814,4
5815,8
5816,8
5817,6
5818,6
5819,5
5820,3
5821,3
5822,9
5823,0
5824,8
5825,0
5826,5
5827,4
5828,4
5829,6
5830,4
5831,9
5832,3
5833,9
5834,3
5835,9
5836,5
5837,7
5838,4
5839,9
5840,0
5841,4
5842,0
5843,2
5844,0
5845,7
5846,6
5847,5
5848,6
5849,7
5850,1
5851,4
5852,6
5853,0
5854,1
5855,5
5856,3
5857,8
5858,9
5859,9
5860,4
5861,2
5862,4
5863,7
5864,6
5865,3
5866,5
5867,5
5868,5
5869,6
5870,8
5871,0
5872,3
5873,4
5874,5
5875,0
5876,5
5877,1
5878,8
5879,9
5880,4
5881,0
5882,7
5883,1
5884,0
5885,6
5886,7
5887,9
5888,3
5889,1
5890,2
5891,1
5892,0
5893,6
5894,5
5895,1
5896,3
5897,5
5898,5
5899,1
5900,7
5901,4
5902,1
5903,6
5904,1
5905,6
5906,1
5907,5
5908,3
5909,8
5910,1
5911,4
5912,9
5913,0
5914,8
5915,2
5916,4
5917,8
5918,6
5919,7
5920,9
5921,6
5922,7
5923,6
5924,4
5925,7
5926,3
5927,2
5928,1
5929,7
5930,2
5931,1
5932,3
5933,3
5934,0
5935,7
5936,1
5937,8
5938,3
5939,1
5940,9
5941,2
5942,2
5943,7
5944,2
5945,7
5946,2
5947,2
5948,6
5949,8
5950,7
5951,2
5952,1
5953,8
5954,1
5955,9
5956,4
5957,7
5958,3
5959,1
5960,5
5961,9
5962,0
5963,5
5964,9
5965,7
5966,8
5967,2
5968,6
5969,5
5970,2
5971,6
5972,5
5973,8
5974,0
5975,0
5976,8
5977,8
5978,8
5979,5
5980,9
5981,0
5982,7
5983,3
5984,3
5985,7
5986,2
5987,8
5988,7
5989,1
5990,9
5991,9
5992,9
5993,6
5994,1
5995,6
5996,5
5997,1
5998,5
5999,5
6000,0
6001,1
6002,1
6003,6
6004,5
6005,8
6006,1
6007,7
6008,2
6009,5
6010,9
6011,3
6012,4
6013,5
6014,7
6015,1
6016,1
6017,4
6018,1
6019,2
6020,0
6021,1
6022,3
6023,6
6024,3
6025,7
6026,2
6027,7
6028,1
6029,8
6030,1
6031,3
6032,5
6033,1
6034,6
6035,6
6036,8
6037,5
6038,8
6039,6
6040,1
6041,7
6042,9
6043,3
6044,9
6045,4
6046,3
6047,9
6048,0
6049,3
6050,1
6051,2
6052,7
6053,5
6054,7
6055,7
6056,5
6057,1
6058,5
6059,9
6060,2
6061,5
6062,8
6063,1
6064,3
6065,1
6066,5
6067,3
6068,8
6069,1
6070,8
6071,5
6072,1
6073,5
6074,5
6075,2
6076,5
6077,5
6078,6
6079,8
6080,7
6081,3
6082,8
6083,0
6084,4
6085,5
6086,6
6087,1
6088,2
6089,6
6090,1
6091,7
6092,5
6093,2
6094,4
6095,1
6096,2
6097,0
6098,6
6099,2
6100,8
6101,9
6102,2
6103,0
6104,6
6105,5
6106,6
6107,0
6108,5
6109,2
6110,1
6111,0
6112,2
6113,1
6114,6
6115,0
6116,5
6117,6
6118,7
6119,8
6120,2
6121,6
6122,9
6123,8
6124,6
6125,7
6126,3
6127,1
6128,3
6129,6
6130,8
6131,1
6132,4
6133,7
6134,5
6135,5
6136,8
6137,5
6138,4
6139,5
6140,8
6141,8
6142,9
6143,3
6144,2
6145,7
6146,4
6147,8
6148,8
6149,4
6150,2
6151,8
6152,0
6153,1
6154,1
6155,7
6156,9
6157,2
6158,6
6159,2
6160,7
6161,7
6162,4
6163,9
6164,0
6165,9
6166,6
6167,2
6168,6
6169,7
6170,7
6171,9
6172,3
6173,8
6174,1
6175,8
6176,1
6177,5
6178,2
6179,8
6180,6
6181,4
6182,4
6183,6
6184,4
6185,0
6186,2
6187,7
6188,4
6189,1
6190,9
6191,8
6192,7
6193,6
6194,3
6195,3
6196,5
6197,5
6198,8
6199,5
6200,1
6201,0
6202,9
6203,1
6204,7
6205,5
6206,7
6207,2
6208,9
6209,5
6210,1
6211,2
6212,0
6213,5
6214,4
6215,1
6216,3
6217,4
6218,0
6219,0
6220,8
6221,1
6222,1
6223,0
6224,5
6225,4
6226,8
6227,3
6228,7
6229,6
6230,1
6231,0
6232,7
6233,3
6234,2
6235,0
6236,7
6237,3
6238,2
6239,1
6240,1
6241,7
6242,7
6243,5
6244,8
6245,5
6246,7
6247,0
6248,7
6249,6
6250,9
6251,5
6252,5
6253,7
6254,1
6255,9
6256,4
6257,2
6258,8
6259,4
6260,3
6261,8
6262,6
6263,5
6264,6
6265,2
6266,1
6267,9
6268,1
6269,1
6270,8
6271,2
6272,5
6273,7
6274,5
6275,4
6276,9
6277,8
6278,5
6279,1
6280,8
6281,1
6282,2
6283,3
6284,0
6285,6
6286,7
6287,4
6288,0
6289,9
6290,7
6291,3
6292,6
6293,3
6294,1
6295,3
6296,7
6297,5
6298,6
6299,4
6300,7
6301,7
6302,9
6303,5
6304,8
6305,6
6306,9
6307,7
6308,6
6309,1
6310,2
6311,5
6312,3
6313,3
6314,8
6315,5
6316,1
6317,2
6318,6
6319,0
6320,3
6321,4
6322,5
6323,7
6324,1
6325,6
6326,7
6327,8
6328,0
6329,6
6330,8
6331,8
6332,4
6333,5
6334,0
6335,4
6336,0
6337,4
6338,0
6339,4
6340,3
6341,2
6342,8
6343,4
6344,8
6345,2
6346,4
6347,2
6348,7
6349,0
6350,1
6351,5
6352,3
6353,3
6354,5
6355,9
6356,0
6357,5
6358,6
6359,7
6360,1
6361,3
6362,4
6363,6
6364,7
6365,5
6366,2
6367,2
6368,1
6369,7
6370,6
6371,9
6372,5
6373,9
6374,9
6375,5
6376,4
6377,7
6378,9
6379,7
6380,3
6381,3
6382,7
6383,5
6384,3
6385,5
6386,0
6387,6
6388,4
6389,8
6390,7
6391,6
6392,6
6393,6
6394,5
6395,4
6396,4
6397,4
6398,2
6399,7
6400,8
6401,3
6402,2
6403,9
6404,5
6405,6
6406,0
6407,9
6408,2
6409,1
6410,0
6411,1
6412,2
6413,5
6414,6
6415,6
6416,9
6417,6
6418,5
6419,6
6420,9
6421,2
6422,5
6423,1
6424,0
6425,1
6426,8
6427,8
6428,4
6429,2
6430,0
6431,8
6432,4
6433,4
6434,2
6435,2
6436,1
6437,6
6438,2
6439,4
6440,1
6441,3
6442,0
6443,9
6444,3
6445,0
6446,1
6447,7
6448,4
6449,5
6450,2
6451,8
6452,1
6453,2
6454,5
6455,3
6456,7
6457,3
6458,6
6459,1
6460,2
6461,2
6462,9
6463,7
6464,9
6465,4
6466,3
6467,9
6468,1
6469,4
6470,3
6471,0
6472,9
6473,1
6474,5
6475,8
6476,7
6477,1
6478,0
6479,1
6480,9
6481,5
6482,9
6483,7
6484,5
6485,7
6486,8
6487,1
6488,1
6489,4
6490,4
6491,3
6492,7
6493,8
6494,1
6495,3
6496,7
6497,9
6498,3
6499,2
6500,0
6501,4
6502,9
6503,1
6504,2
6505,3
6506,8
6507,8
6508,8
6509,0
6510,1
6511,6
6512,0
6513,9
6514,4
6515,3
6516,5
6517,4
6518,5
6519,1
6520,5
6521,7
6522,2
6523,0
6524,8
6525,1
6526,1
6527,1
6528,5
6529,6
6530,8
6531,1
6532,6
6533,4
6534,2
6535,5
6536,7
6537,5
6538,9
6539,7
6540,2
6541,0
6542,6
6543,5
6544,0
6545,5
6546,8
6547,6
6548,2
6549,0
6550,0
6551,4
6552,4
6553,2
6554,9
6555,4
6556,5
6557,4
6558,0
6559,7
6560,7
6561,1
6562,0
6563,4
6564,0
6565,9
6566,9
6567,9
6568,9
6569,2
6570,4
6571,5
6572,6
6573,1
6574,9
6575,7
6576,3
6577,1
6578,2
6579,4
6580,2
6581,3
6582,6
6583,6
6584,3
6585,3
6586,0
6587,1
6588,2
6589,1
6590,0
6591,0
6592,5
6593,6
6594,1
6595,5
6596,8
6597,1
6598,2
6599,2
6600,3
6601,0
6602,8
6603,2
6604,3
6605,7
6606,1
6607,1
6608,5
6609,0
6610,2
6611,6
6612,7
6613,3
6614,5
6615,3
6616,9
6617,9
6618,2
6619,6
6620,6
6621,4
6622,7
6623,9
6624,7
6625,3
6626,7
6627,3
6628,1
6629,6
6630,9
6631,1
6632,1
6633,8
6634,5
6635,9
6636,2
6637,3
6638,7
6639,3
6640,6
6641,3
6642,0
6643,2
6644,1
6645,4
6646,8
6647,1
6648,2
6649,1
6650,8
6651,8
6652,0
6653,6
6654,8
6655,3
6656,2
6657,8
6658,5
6659,6
6660,7
6661,0
6662,5
6663,8
6664,4
6665,0
6666,0
6667,6
6668,9
6669,3
6670,8
6671,4
6672,2
6673,6
6674,9
6675,1
6676,6
6677,0
6678,3
6679,0
6680,0
6681,8
6682,6
6683,4
6684,5
6685,5
6686,6
6687,1
6688,1
6689,0
6690,1
6691,2
6692,5
6693,9
6694,2
6695,4
6696,8
6697,4
6698,9
6699,4
6700,3
6701,2
6702,3
6703,2
6704,5
6705,1
6706,6
6707,4
6708,0
6709,2
6710,2
6711,7
6712,7
6713,7
6714,6
6715,7
6716,0
6717,0
6718,5
6719,8
6720,5
6721,8
6722,7
6723,9
6724,4
6725,8
6726,7
6727,1
6728,6
6729,4
6730,3
6731,8
6732,8
6733,3
6734,4
6735,5
6736,1
6737,3
6738,5
6739,5
6740,1
6741,9
6742,4
6743,9
6744,7
6745,1
6746,9
6747,0
6748,2
6749,2
6750,1
6751,8
6752,0
6753,9
6754,8
6755,8
6756,8
6757,8
6758,7
6759,4
6760,2
6761,3
6762,5
6763,8
6764,5
6765,2
6766,3
6767,1
6768,4
6769,0
6770,0
6771,6
6772,5
6773,6
6774,0
6775,6
6776,1
6777,5
6778,5
6779,8
6780,1
6781,8
6782,5
6783,3
6784,4
6785,2
6786,5
6787,6
6788,1
6789,6
6790,8
6791,4
6792,4
6793,4
6794,8
6795,7
6796,7
6797,5
6798,3
6799,8
6800,0
6801,1
6802,7
6803,1
6804,7
6805,8
6806,4
6807,1
6808,0
6809,8
6810,9
6811,2
6812,9
6813,7
6814,0
6815,1
6816,4
6817,6
6818,6
6819,6
6820,0
6821,8
6822,6
6823,5
6824,7
6825,8
6826,3
6827,0
6828,8
6829,1
6830,4
6831,3
6832,6
6833,4
6834,5
6835,8
6836,2
6837,3
6838,1
6839,9
6840,5
6841,4
6842,9
6843,7
6844,2
6845,7
6846,2
6847,9
6848,4
6849,1
6850,1
6851,3
6852,2
6853,8
6854,1
6855,3
6856,7
6857,8
6858,0
6859,4
6860,0
6861,8
6862,7
6863,6
6864,6
6865,9
6866,1
6867,4
6868,9
6869,6
6870,8
6871,5
6872,9
6873,0
6874,0
6875,8
6876,7
6877,3
6878,8
6879,1
6880,2
6881,0
6882,0
6883,2
6884,7
6885,3
6886,0
6887,5
6888,9
6889,2
6890,9
6891,2
6892,4
6893,7
6894,1
6895,7
6896,6
6897,7
6898,9
6899,7
6900,6
6901,5
6902,5
6903,0
6904,6
6905,6
6906,5
6907,0
6908,2
6909,5
6910,4
6911,2
6912,3
6913,0
6914,1
6915,4
6916,7
6917,5
6918,5
6919,2
6920,2
6921,6
6922,2
6923,4
6924,6
6925,9
6926,9
6927,1
6928,1
6929,1
6930,8
6931,7
6932,4
6933,9
6934,2
6935,1
6936,6
6937,8
6938,6
6939,6
6940,8
6941,2
6942,8
6943,2
6944,3
6945,9
6946,4
6947,5
6948,8
6949,0
6950,5
6951,3
6952,6
6953,5
6954,9
6955,9
6956,1
6957,8
6958,9
6959,4
6960,1
6961,1
6962,8
6963,9
6964,3
6965,6
6966,0
6967,0
6968,0
6969,1
6970,1
6971,9
6972,7
6973,7
6974,0
6975,6
6976,1
6977,7
6978,5
6979,7
6980,6
6981,8
6982,8
6983,2
6984,9
6985,6
6986,1
6987,9
6988,0
6989,8
6990,8
6991,0
6992,0
6993,5
6994,4
6995,8
6996,8
6997,1
6998,9
6999,0
7000,7
7001,1
7002,1
7003,9
7004,5
7005,7
7006,3
7007,3
7008,5
7009,3
7010,0
7011,2
7012,4
7013,1
7014,3
7015,7
7016,1
7017,4
7018,9
7019,8
7020,8
7021,6
7022,7
7023,5
7024,4
7025,0
7026,8
7027,8
7028,2
7029,5
7030,7
7031,3
7032,6
7033,1
7034,6
7035,9
7036,3
7037,8
7038,8
7039,4
7040,7
7041,5
7042,4
7043,4
7044,4
7045,4
7046,7
7047,4
7048,0
7049,9
7050,4
7051,4
7052,7
7053,5
7054,4
7055,7
7056,2
7057,4
7058,5
7059,4
7060,1
7061,4
7062,6
7063,8
7064,1
7065,5
7066,7
7067,8
7068,6
7069,1
7070,2
7071,0
7072,8
7073,4
7074,1
7075,5
7076,7
7077,9
7078,9
7079,7
7080,5
7081,0
7082,3
7083,2
7084,3
7085,5
7086,4
7087,4
7088,5
7089,1
7090,9
7091,4
7092,3
7093,3
7094,3
7095,4
7096,4
7097,8
7098,2
7099,5
7100,8
7101,9
7102,8
7103,5
7104,4
7105,9
7106,1
7107,5
7108,3
7109,4
7110,8
7111,0
7112,0
7113,4
7114,3
7115,4
7116,0
7117,1
7118,0
7119,2
7120,3
7121,2
7122,1
7123,8
7124,7
7125,8
7126,6
7127,6
7128,1
7129,0
7130,5
7131,2
7132,6
7133,2
7134,2
7135,9
7136,7
7137,4
7138,1
7139,4
7140,7
7141,1
7142,0
7143,2
7144,3
7145,6
7146,4
7147,4
7148,6
7149,8
7150,5
7151,4
7152,7
7153,9
7154,3
7155,6
7156,4
7157,2
7158,6
7159,2
7160,5
7161,9
7162,7
7163,7
7164,0
7165,0
7166,2
7167,3
7168,5
7169,7
7170,5
7171,6
7172,2
7173,1
7174,4
7175,6
7176,7
7177,2
7178,6
7179,4
7180,3
7181,6
7182,4
7183,2
7184,0
7185,8
7186,4
7187,0
7188,1
7189,9
7190,4
7191,6
7192,8
7193,7
7194,2
7195,2
7196,4
7197,5
7198,6
7199,7
7200,3
7201,3
7202,6
7203,9
7204,1
7205,9
7206,7
7207,4
7208,1
7209,4
7210,9
7211,1
7212,2
7213,4
7214,2
7215,0
7216,3
7217,7
7218,5
7219,5
7220,3
7221,9
7222,1
7223,2
7224,1
7225,6
7226,9
7227,8
7228,8
7229,0
7230,2
7231,5
7232,2
7233,4
7234,1
7235,6
7236,3
7237,3
7238,7
7239,6
7240,1
7241,5
7242,3
7243,1
7244,9
7245,0
7246,9
7247,4
7248,8
7249,5
7250,1
7251,3
7252,6
7253,4
7254,0
7255,9
7256,3
7257,0
7258,6
7259,9
7260,3
7261,2
7262,9
7263,9
7264,1
7265,5
7266,0
7267,2
7268,7
7269,3
7270,9
7271,3
7272,6
7273,9
7274,5
7275,7
7276,1
7277,5
7278,2
7279,1
7280,3
7281,4
7282,7
7283,2
7284,0
7285,8
7286,7
7287,1
7288,5
7289,3
7290,5
7291,5
7292,4
7293,6
7294,7
7295,2
7296,2
7297,4
7298,0
7299,3
7300,8
7301,2
7302,2
7303,2
7304,8
7305,9
7306,4
7307,0
7308,5
7309,5
7310,9
7311,8
7312,4
7313,1
7314,9
7315,9
7316,1
7317,6
7318,9
7319,9
7320,1
7321,1
7322,6
7323,1
7324,7
7325,3
7326,1
7327,9
7328,2
7329,1
7330,7
7331,7
7332,3
7333,9
7334,4
7335,2
7336,1
7337,9
7338,7
7339,6
7340,7
7341,2
7342,1
7343,1
7344,8
7345,5
7346,2
7347,2
7348,4
7349,6
7350,4
7351,1
7352,6
7353,7
7354,9
7355,6
7356,3
7357,3
7358,9
7359,4
7360,4
7361,6
7362,7
7363,7
7364,9
7365,1
7366,5
7367,7
7368,5
7369,8
7370,1
7371,4
7372,4
7373,0
7374,7
7375,1
7376,8
7377,4
7378,5
7379,1
7380,3
7381,3
7382,6
7383,2
7384,5
7385,1
7386,7
7387,9
7388,0
7389,1
7390,1
7391,2
7392,6
7393,4
7394,9
7395,9
7396,5
7397,9
7398,1
7399,7
7400,4
7401,5
7402,5
7403,4
7404,2
7405,3
7406,5
7407,0
7408,6
7409,9
7410,8
7411,9
7412,7
7413,7
7414,3
7415,4
7416,3
7417,9
7418,5
7419,6
7420,7
7421,9
7422,0
7423,3
7424,5
7425,1
7426,4
7427,8
7428,8
7429,8
7430,0
7431,7
7432,4
7433,8
7434,3
7435,2
7436,4
7437,1
7438,3
7439,4
7440,0
7441,8
7442,4
7443,3
7444,7
7445,3
7446,2
7447,2
7448,1
7449,6
7450,6
7451,1
7452,9
7453,5
7454,0
7455,6
7456,0
7457,0
7458,3
7459,8
7460,2
7461,3
7462,5
7463,4
7464,7
7465,3
7466,9
7467,3
7468,7
7469,5
7470,4
7471,7
7472,2
7473,3
7474,9
7475,9
7476,2
7477,1
7478,5
7479,1
7480,5
7481,4
7482,0
7483,9
7484,9
7485,0
7486,5
7487,8
7488,0
7489,7
7490,5
7491,3
7492,5
7493,2
7494,5
7495,0
7496,0
7497,3
7498,0
7499,6
7500,5
7501,0
7502,0
7503,3
7504,5
7505,1
7506,4
7507,3
7508,3
7509,8
7510,2
7511,4
7512,9
7513,0
7514,4
7515,3
7516,2
7517,9
7518,4
7519,1
7520,8
7521,4
7522,8
7523,0
7524,0
7525,7
7526,5
7527,2
7528,8
7529,5
7530,1
7531,6
7532,4
7533,1
7534,8
7535,5
7536,0
7537,8
7538,0
7539,1
7540,0
7541,7
7542,5
7543,8
7544,2
7545,1
7546,0
7547,4
7548,1
7549,4
7550,3
7551,0
7552,7
7553,1
7554,9
7555,8
7556,5
7557,8
7558,4
7559,9
7560,1
7561,9
7562,2
7563,2
7564,2
7565,8
7566,5
7567,0
7568,1
7569,2
7570,3
7571,1
7572,0
7573,2
7574,9
7575,2
7576,2
7577,1
7578,9
7579,1
7580,4
7581,8
7582,5
7583,7
7584,3
7585,5
7586,6
7587,3
7588,8
7589,3
7590,2
7591,6
7592,7
7593,8
7594,9
7595,6
7596,9
7597,2
7598,4
7599,7
7600,6
7601,7
7602,5
7603,4
7604,5
7605,0
7606,6
7607,2
7608,3
7609,0
7610,9
7611,3
7612,1
7613,9
7614,7
7615,0
7616,1
7617,6
7618,6
7619,4
7620,9
7621,7
7622,1
7623,3
7624,3
7625,0
7626,7
7627,8
7628,6
7629,9
7630,9
7631,2
7632,4
7633,5
7634,0
7635,9
7636,6
7637,8
7638,7
7639,5
7640,7
7641,2
7642,3
7643,8
7644,1
7645,8
7646,5
7647,6
7648,8
7649,7
7650,8
7651,0
7652,2
7653,6
7654,3
7655,9
7656,9
7657,6
7658,6
7659,7
7660,3
7661,3
7662,8
7663,9
7664,6
7665,8
7666,6
7667,4
7668,3
7669,0
7670,8
7671,5
7672,8
7673,5
7674,4
7675,4
7676,4
7677,2
7678,6
7679,5
7680,9
7681,8
7682,6
7683,7
7684,5
7685,7
7686,4
7687,5
7688,0
7689,3
7690,7
7691,5
7692,8
7693,0
7694,0
7695,5
7696,8
7697,1
7698,8
7699,9
7700,8
7701,3
7702,0
7703,6
7704,2
7705,2
7706,8
7707,4
7708,6
7709,1
7710,5
7711,2
7712,7
7713,9
7714,4
7715,7
7716,9
7717,3
7718,3
7719,9
7720,9
7721,4
7722,3
7723,1
7724,5
7725,9
7726,0
7727,6
7728,0
7729,9
7730,6
7731,1
7732,4
7733,6
7734,9
7735,1
7736,1
7737,6
7738,8
7739,0
7740,0
7741,9
7742,5
7743,2
7744,4
7745,8
7746,0
7747,5
7748,3
7749,1
7750,3
7751,9
7752,6
7753,0
7754,7
7755,4
7756,4
7757,2
7758,8
7759,4
7760,9
7761,4
7762,4
7763,1
7764,7
7765,5
7766,1
7767,2
7768,0
7769,5
7770,4
7771,4
7772,0
7773,4
7774,3
7775,5
7776,1
7777,1
7778,0
7779,5
7780,9
7781,4
7782,4
7783,1
7784,5
7785,3
7786,4
7787,3
7788,7
7789,8
7790,1
7791,5
7792,3
7793,1
7794,5
7795,0
7796,5
7797,0
7798,7
7799,7
7800,2
7801,8
7802,6
7803,4
7804,5
7805,8
7806,2
7807,4
7808,0
7809,4
7810,6
7811,7
7812,1
7813,5
7814,4
7815,9
7816,8
7817,7
7818,7
7819,7
7820,1
7821,1
7822,3
7823,6
7824,3
7825,1
7826,8
7827,7
7828,4
7829,5
7830,3
7831,0
7832,8
7833,3
7834,3
7835,9
7836,8
7837,9
7838,1
7839,9
7840,3
7841,4
7842,8
7843,8
7844,1
7845,7
7846,6
7847,1
7848,1
7849,3
7850,7
7851,0
7852,0
7853,3
7854,0
7855,2
7856,8
7857,0
7858,4
7859,8
7860,6
7861,0
7862,6
7863,2
7864,6
7865,0
7866,6
7867,4
7868,7
7869,2
7870,8
7871,0
7872,4
7873,5
7874,9
7875,7
7876,0
7877,1
7878,6
7879,4
7880,6
7881,1
7882,8
7883,5
7884,6
7885,9
7886,2
7887,3
7888,0
7889,2
7890,4
7891,8
7892,8
7893,7
7894,0
7895,2
7896,7
7897,5
7898,8
7899,8
7900,4
7901,6
7902,1
7903,5
7904,9
7905,9
7906,2
7907,5
7908,6
7909,4
7910,1
7911,2
7912,1
7913,0
7914,8
7915,5
7916,7
7917,4
7918,2
7919,0
7920,8
7921,5
7922,3
7923,4
7924,2
7925,1
7926,8
7927,5
7928,8
7929,9
7930,7
7931,1
7932,3
7933,2
7934,2
7935,8
7936,2
7937,4
7938,4
7939,4
7940,9
7941,9
7942,9
7943,5
7944,1
7945,5
7946,4
7947,1
7948,3
7949,8
7950,5
7951,6
7952,4
7953,1
7954,6
7955,6
7956,0
7957,4
7958,3
7959,1
7960,9
7961,0
7962,9
7963,4
7964,6
7965,3
7966,1
7967,1
7968,3
7969,5
7970,2
7971,8
7972,9
7973,4
7974,5
7975,1
7976,8
7977,0
7978,5
7979,6
7980,2
7981,7
7982,3
7983,2
7984,9
7985,6
7986,0
7987,3
7988,2
7989,1
7990,8
7991,9
7992,7
7993,0
7994,6
7995,4
7996,5
7997,5
7998,4
7999,7
8000,4
8001,8
8002,8
8003,7
8004,3
8005,8
8006,0
8007,7
8008,2
8009,9
8010,8
8011,4
8012,2
8013,0
8014,5
8015,1
8016,2
8017,4
8018,0
8019,2
8020,7
8021,9
8022,4
8023,6
8024,3
8025,4
8026,7
8027,6
8028,5
8029,6
8030,7
8031,1
8032,8
8033,7
8034,6
8035,6
8036,1
8037,0
8038,0
8039,7
8040,7
8041,7
8042,4
8043,7
8044,9
8045,0
8046,7
8047,5
8048,8
8049,5
8050,3
8051,9
8052,5
8053,9
8054,1
8055,6
8056,7
8057,0
8058,9
8059,0
8060,6
8061,0
8062,6
8063,1
8064,2
8065,2
8066,6
8067,3
8068,6
8069,4
8070,6
8071,4
8072,3
8073,5
8074,0
8075,7
8076,2
8077,2
8078,5
8079,9
8080,9
8081,9
8082,5
8083,9
8084,3
8085,5
8086,3
8087,2
8088,8
8089,9
8090,0
8091,6
8092,9
8093,7
8094,3
8095,5
8096,3
8097,7
8098,0
8099,5
8100,6
8101,1
8102,1
8103,9
8104,4
8105,7
8106,3
8107,5
8108,5
8109,6
8110,7
8111,1
8112,4
8113,9
8114,3
8115,1
8116,7
8117,2
8118,7
8119,6
8120,9
8121,9
8122,4
8123,1
8124,6
8125,0
8126,5
8127,7
8128,6
8129,1
8130,5
8131,3
8132,4
8133,9
8134,5
8135,9
8136,5
8137,1
8138,3
8139,2
8140,5
8141,0
8142,0
8143,7
8144,8
8145,3
8146,0
8147,1
8148,7
8149,0
8150,3
8151,3
8152,8
8153,8
8154,8
8155,2
8156,0
8157,0
8158,5
8159,2
8160,4
8161,8
8162,2
8163,1
8164,8
8165,6
8166,1
8167,8
8168,0
8169,1
8170,1
8171,1
8172,8
8173,0
8174,0
8175,7
8176,4
8177,1
8178,5
8179,9
8180,3
8181,1
8182,0
8183,1
8184,9
8185,1
8186,5
8187,2
8188,1
8189,3
8190,0
8191,2
8192,9
8193,2
8194,1
8195,8
8196,4
8197,0
8198,3
8199,1
8200,1
8201,0
8202,5
8203,2
8204,5
8205,9
8206,4
8207,0
8208,7
8209,3
8210,5
8211,4
8212,7
8213,0
8214,9
8215,9
8216,0
8217,9
8218,5
8219,5
8220,5
8221,8
8222,5
8223,2
8224,7
8225,9
8226,8
8227,8
8228,7
8229,4
8230,7
8231,4
8232,9
8233,4
8234,8
8235,2
8236,7
8237,3
8238,5
8239,4
8240,5
8241,2
8242,2
8243,2
8244,7
8245,9
8246,7
8247,4
8248,6
8249,1
8250,2
8251,0
8252,3
8253,8
8254,2
8255,1
8256,1
8257,7
8258,5
8259,8
8260,1
8261,1
8262,6
8263,3
8264,1
8265,7
8266,9
8267,5
8268,2
8269,1
8270,5
8271,5
8272,6
8273,5
8274,4
8275,8
8276,5
8277,5
8278,5
8279,8
8280,0
8281,1
8282,1
8283,4
8284,9
8285,1
8286,9
8287,9
8288,6
8289,7
8290,2
8291,7
8292,4
8293,3
8294,8
8295,1
8296,9
8297,7
8298,7
8299,5
8300,9
8301,2
8302,6
8303,6
8304,1
8305,8
8306,5
8307,5
8308,0
8309,1
8310,0
8311,0
8312,9
8313,9
8314,6
8315,9
8316,9
8317,0
8318,3
8319,4
8320,4
8321,8
8322,0
8323,1
8324,5
8325,3
8326,5
8327,4
8328,1
8329,1
8330,5
8331,4
8332,0
8333,6
8334,6
8335,3
8336,4
8337,7
8338,2
8339,4
8340,1
8341,9
8342,2
8343,2
8344,9
8345,4
8346,2
8347,5
8348,9
8349,3
8350,1
8351,1
8352,4
8353,7
8354,1
8355,3
8356,1
8357,9
8358,5
8359,0
8360,6
8361,1
8362,5
8363,1
8364,1
8365,1
8366,4
8367,2
8368,6
8369,4
8370,3
8371,0
8372,7
8373,8
8374,0
8375,4
8376,9
8377,2
8378,7
8379,0
8380,5
8381,5
8382,3
8383,7
8384,8
8385,9
8386,4
8387,9
8388,4
8389,5
8390,4
8391,0
8392,7
8393,1
8394,5
8395,3
8396,1
8397,5
8398,4
8399,5
8400,8
8401,2
8402,8
8403,8
8404,4
8405,9
8406,9
8407,7
8408,8
8409,8
8410,9
8411,6
8412,3
8413,9
8414,1
8415,4
8416,7
8417,7
8418,7
8419,1
8420,1
8421,2
8422,9
8423,3
8424,6
8425,9
8426,1
8427,4
8428,7
8429,0
8430,8
8431,1
8432,3
8433,5
8434,7
8435,4
8436,6
8437,5
8438,1
8439,9
8440,8
8441,7
8442,4
8443,1
8444,4
8445,8
8446,7
8447,4
8448,4
8449,8
8450,9
8451,5
8452,8
8453,0
8454,9
8455,1
8456,7
8457,1
8458,3
8459,2
8460,1
8461,1
8462,9
8463,1
8464,6
8465,2
8466,7
8467,0
8468,0
8469,3
8470,3
8471,4
8472,9
8473,0
8474,9
8475,4
8476,2
8477,6
8478,9
8479,6
8480,6
8481,8
8482,1
8483,6
8484,6
8485,8
8486,9
8487,3
8488,9
8489,1
8490,5
8491,8
8492,7
8493,1
8494,1
8495,3
8496,2
8497,9
8498,3
8499,4
8500,4
8501,7
8502,8
8503,3
8504,6
8505,0
8506,7
8507,4
8508,1
8509,2
8510,0
8511,8
8512,8
8513,1
8514,4
8515,5
8516,4
8517,0
8518,1
8519,8
8520,0
8521,6
8522,3
8523,6
8524,4
8525,2
8526,7
8527,1
8528,4
8529,0
8530,0
8531,9
8532,5
8533,4
8534,2
8535,6
8536,3
8537,4
8538,9
8539,1
8540,5
8541,8
8542,4
8543,5
8544,7
8545,4
8546,8
8547,5
8548,7
8549,2
8550,4
8551,4
8552,5
8553,4
8554,6
8555,0
8556,4
8557,1
8558,6
8559,0
8560,8
8561,7
8562,6
8563,5
8564,7
8565,7
8566,0
8567,3
8568,2
8569,3
8570,3
8571,7
8572,8
8573,4
8574,4
8575,6
8576,1
8577,1
8578,8
8579,3
8580,5
8581,4
8582,3
8583,8
8584,3
8585,0
8586,7
8587,0
8588,9
8589,9
8590,3
8591,7
8592,4
8593,3
8594,5
8595,0
8596,6
8597,4
8598,4
8599,8
8600,7
8601,3
8602,4
8603,6
8604,6
8605,8
8606,2
8607,3
8608,7
8609,3
8610,1
8611,5
8612,8
8613,4
8614,9
8615,0
8616,5
8617,7
8618,6
8619,2
8620,2
8621,5
8622,0
8623,7
8624,1
8625,7
8626,8
8627,7
8628,0
8629,8
8630,5
8631,6
8632,8
8633,7
8634,1
8635,1
8636,1
8637,7
8638,0
8639,0
8640,2
8641,7
8642,3
8643,3
8644,8
8645,1
8646,5
8647,8
8648,9
8649,0
8650,5
8651,3
8652,6
8653,2
8654,7
8655,4
8656,4
8657,4
8658,6
8659,0
8660,3
8661,4
8662,5
8663,6
8664,3
8665,1
8666,1
8667,7
8668,9
8669,5
8670,0
8671,0
8672,5
8673,8
8674,0
8675,4
8676,9
8677,0
8678,5
8679,5
8680,9
8681,7
8682,8
8683,2
8684,8
8685,7
8686,6
8687,4
8688,9
8689,5
8690,9
8691,1
8692,8
8693,8
8694,2
8695,1
8696,5
8697,8
8698,5
8699,5
8700,5
8701,8
8702,0
8703,5
8704,9
8705,9
8706,6
8707,3
8708,1
8709,1
8710,3
8711,8
8712,1
8713,8
8714,0
8715,3
8716,4
8717,6
8718,1
8719,2
8720,5
8721,6
8722,0
8723,2
8724,3
8725,9
8726,3
8727,4
8728,2
8729,2
8730,1
8731,9
8732,1
8733,5
8734,5
8735,8
8736,3
8737,5
8738,9
8739,0
8740,9
8741,5
8742,5
8743,1
8744,4
8745,5
8746,1
8747,4
8748,2
8749,7
8750,4
8751,7
8752,4
8753,3
8754,5
8755,0
8756,7
8757,7
8758,7
8759,4
8760,5
8761,0
8762,7
8763,0
8764,7
8765,6
8766,2
8767,4
8768,6
8769,8
8770,0
8771,7
8772,2
8773,1
8774,9
8775,7
8776,6
8777,0
8778,8
8779,7
8780,5
8781,0
8782,6
8783,7
8784,4
8785,8
8786,1
8787,7
8788,0
8789,7
8790,0
8791,7
8792,1
8793,3
8794,7
8795,7
8796,3
8797,8
8798,3
8799,2
8800,7
8801,2
8802,2
8803,7
8804,3
8805,8
8806,0
8807,8
8808,0
8809,1
8810,0
8811,5
8812,5
8813,7
8814,5
8815,2
8816,6
8817,4
8818,4
8819,9
8820,3
8821,0
8822,1
8823,0
8824,8
8825,1
8826,9
8827,7
8828,5
8829,1
8830,6
8831,0
8832,1
8833,4
8834,0
8835,0
8836,6
8837,2
8838,1
8839,4
8840,2
8841,8
8842,2
8843,9
8844,9
8845,4
8846,8
8847,9
8848,7
8849,9
8850,3
8851,3
8852,8
8853,0
8854,7
8855,7
8856,4
8857,7
8858,0
8859,8
8860,7
8861,5
8862,4
8863,6
8864,7
8865,9
8866,2
8867,2
8868,6
8869,1
8870,6
8871,3
8872,0
8873,8
8874,4
8875,3
8876,4
8877,5
8878,8
8879,1
8880,4
8881,0
8882,3
8883,2
8884,1
8885,2
8886,0
8887,7
8888,1
8889,7
8890,0
8891,4
8892,9
8893,8
8894,7
8895,0
8896,2
8897,1
8898,5
8899,0
8900,5
8901,2
8902,0
8903,7
8904,6
8905,1
8906,6
8907,8
8908,2
8909,3
8910,7
8911,2
8912,7
8913,1
8914,9
8915,1
8916,8
8917,4
8918,8
8919,5
8920,8
8921,9
8922,1
8923,8
8924,2
8925,4
8926,6
8927,4
8928,8
8929,1
8930,6
8931,7
8932,0
8933,8
8934,4
8935,1
8936,2
8937,6
8938,7
8939,5
8940,6
8941,2
8942,0
8943,6
8944,2
8945,9
8946,5
8947,8
8948,5
8949,8
8950,9
8951,3
8952,3
8953,4
8954,1
8955,2
8956,6
8957,0
8958,4
8959,3
8960,2
8961,4
8962,4
8963,8
8964,3
8965,2
8966,6
8967,0
8968,9
8969,7
8970,1
8971,6
8972,5
8973,9
8974,5
8975,2
8976,2
8977,0
8978,0
8979,0
8980,7
8981,8
8982,9
8983,8
8984,0
8985,0
8986,0
8987,5
8988,8
8989,1
8990,5
8991,4
8992,9
8993,6
8994,6
8995,0
8996,1
8997,0
8998,9
8999,5
9000,8
9001,5
9002,7
9003,8
9004,8
9005,9
9006,7
9007,1
9008,0
9009,7
9010,9
9011,9
9012,2
9013,4
9014,9
9015,6
9016,7
9017,3
9018,5
9019,8
9020,9
9021,2
9022,7
9023,0
9024,9
9025,2
9026,4
9027,1
9028,7
9029,0
9030,9
9031,0
9032,1
9033,0
9034,6
9035,9
9036,1
9037,1
9038,6
9039,2
9040,6
9041,3
9042,6
9043,1
9044,9
9045,9
9046,0
9047,2
9048,7
9049,0
9050,4
9051,5
9052,6
9053,1
9054,5
9055,7
9056,1
9057,8
9058,0
9059,3
9060,1
9061,5
9062,6
9063,5
9064,5
9065,7
9066,8
9067,7
9068,3
9069,7
9070,6
9071,3
9072,1
9073,4
9074,4
9075,9
9076,4
9077,8
9078,1
9079,9
9080,2
9081,4
9082,7
9083,6
9084,0
9085,0
9086,0
9087,6
9088,1
9089,3
9090,3
9091,5
9092,8
9093,3
9094,3
9095,9
9096,9
9097,7
9098,2
9099,3
9100,2
9101,3
9102,2
9103,2
9104,6
9105,2
9106,9
9107,9
9108,3
9109,1
9110,7
9111,4
9112,6
9113,6
9114,8
9115,6
9116,5
9117,0
9118,4
9119,4
9120,9
9121,7
9122,4
9123,3
9124,1
9125,6
9126,3
9127,5
9128,8
9129,2
9130,2
9131,1
9132,8
9133,4
9134,1
9135,8
9136,1
9137,7
9138,2
9139,8
9140,8
9141,1
9142,9
9143,1
9144,1
9145,3
9146,8
9147,3
9148,9
9149,2
9150,3
9151,1
9152,8
9153,6
9154,0
9155,5
9156,8
9157,6
9158,8
9159,2
9160,7
9161,5
9162,7
9163,9
9164,0
9165,7
9166,9
9167,6
9168,3
9169,2
9170,2
9171,7
9172,7
9173,6
9174,3
9175,5
9176,5
9177,4
9178,1
9179,9
9180,7
9181,6
9182,4
9183,5
9184,1
9185,9
9186,1
9187,1
9188,9
9189,4
9190,8
9191,1
9192,1
9193,2
9194,2
9195,0
9196,1
9197,9
9198,2
9199,1
9200,2
9201,3
9202,3
9203,0
9204,4
9205,2
9206,7
9207,5
9208,3
9209,0
9210,3
9211,5
9212,6
9213,8
9214,8
9215,2
9216,1
9217,4
9218,7
9219,5
9220,9
9221,3
9222,5
9223,3
9224,5
9225,5
9226,7
9227,8
9228,5
9229,5
9230,2
9231,1
9232,4
9233,1
9234,7
9235,8
9236,1
9237,4
9238,0
9239,9
9240,9
9241,4
9242,5
9243,0
9244,2
9245,4
9246,4
9247,5
9248,8
9249,0
9250,6
9251,6
9252,0
9253,1
9254,6
9255,2
9256,6
9257,8
9258,6
9259,9
9260,2
9261,5
9262,4
9263,9
9264,4
9265,2
9266,9
9267,8
9268,3
9269,2
9270,7
9271,4
9272,0
9273,9
9274,7
9275,3
9276,3
9277,9
9278,7
9279,8
9280,3
9281,3
9282,1
9283,8
9284,2
9285,7
9286,7
9287,5
9288,4
9289,8
9290,2
9291,0
9292,2
9293,8
9294,6
9295,9
9296,8
9297,1
9298,8
9299,7
9300,2
9301,9
9302,1
9303,1
9304,8
9305,0
9306,8
9307,8
9308,0
9309,1
9310,7
9311,8
9312,5
9313,7
9314,8
9315,1
9316,9
9317,2
9318,2
9319,8
9320,2
9321,0
9322,3
9323,9
9324,7
9325,5
9326,9
9327,5
9328,6
9329,1
9330,5
9331,1
9332,3
9333,1
9334,6
9335,7
9336,8
9337,2
9338,6
9339,5
9340,1
9341,5
9342,0
9343,0
9344,9
9345,8
9346,2
9347,5
9348,9
9349,1
9350,9
9351,0
9352,5
9353,5
9354,8
9355,8
9356,4
9357,7
9358,7
9359,7
9360,1
9361,4
9362,0
9363,5
9364,0
9365,3
9366,9
9367,8
9368,9
9369,4
9370,3
9371,2
9372,8
9373,7
9374,3
9375,9
9376,7
9377,7
9378,9
9379,7
9380,2
9381,6
9382,4
9383,1
9384,1
9385,9
9386,3
9387,2
9388,9
9389,5
9390,3
9391,0
9392,7
9393,7
9394,1
9395,8
9396,6
9397,4
9398,7
9399,6
9400,8
9401,7
9402,7
9403,7
9404,6
9405,9
9406,4
9407,0
9408,4
9409,0
9410,3
9411,1
9412,2
9413,8
9414,6
9415,3
9416,6
9417,9
9418,1
9419,5
9420,5
9421,1
9422,5
9423,2
9424,6
9425,5
9426,1
9427,4
9428,5
9429,6
9430,0
9431,9
9432,5
9433,7
9434,5
9435,3
9436,9
9437,4
9438,9
9439,5
9440,4
9441,7
9442,2
9443,8
9444,8
9445,3
9446,7
9447,2
9448,8
9449,1
9450,3
9451,9
9452,0
9453,4
9454,7
9455,4
9456,8
9457,5
9458,7
9459,5
9460,6
9461,7
9462,4
9463,9
9464,3
9465,3
9466,7
9467,1
9468,0
9469,3
9470,7
9471,1
9472,5
9473,9
9474,8
9475,9
9476,8
9477,6
9478,9
9479,7
9480,1
9481,2
9482,5
9483,4
9484,5
9485,1
9486,2
9487,7
9488,7
9489,7
9490,4
9491,8
9492,7
9493,2
9494,7
9495,6
9496,5
9497,3
9498,4
9499,5
9500,6
9501,1
9502,0
9503,3
9504,6
9505,3
9506,5
9507,7
9508,0
9509,0
9510,2
9511,1
9512,3
9513,5
9514,3
9515,6
9516,7
9517,7
9518,4
9519,5
9520,8
9521,2
9522,7
9523,8
9524,3
9525,3
9526,9
9527,1
9528,3
9529,1
9530,3
9531,9
9532,8
9533,3
9534,4
9535,3
9536,6
9537,1
9538,8
9539,6
9540,5
9541,6
9542,4
9543,7
9544,8
9545,6
9546,4
9547,6
9548,3
9549,2
9550,4
9551,5
9552,0
9553,1
9554,9
9555,2
9556,9
9557,6
9558,1
9559,8
9560,1
9561,6
9562,7
9563,0
9564,8
9565,7
9566,2
9567,1
9568,2
9569,7
9570,7
9571,5
9572,8
9573,0
9574,4
9575,3
9576,6
9577,7
9578,4
9579,5
9580,3
9581,5
9582,1
9583,7
9584,1
9585,1
9586,1
9587,8
9588,0
9589,6
9590,7
9591,5
9592,1
9593,6
9594,8
9595,1
9596,8
9597,3
9598,2
9599,3
9600,2
9601,2
9602,4
9603,5
9604,7
9605,2
9606,7
9607,2
9608,0
9609,4
9610,1
9611,5
9612,9
9613,9
9614,1
9615,6
9616,6
9617,3
9618,9
9619,1
9620,7
9621,9
9622,1
9623,2
9624,3
9625,2
9626,0
9627,8
9628,4
9629,1
9630,1
9631,2
9632,7
9633,0
9634,9
9635,9
9636,2
9637,6
9638,9
9639,1
9640,3
9641,8
9642,5
9643,7
9644,1
9645,6
9646,2
9647,1
9648,8
9649,5
9650,8
9651,1
9652,0
9653,2
9654,1
9655,6
9656,0
9657,3
9658,7
9659,9
9660,9
9661,6
9662,2
9663,6
9664,7
9665,5
9666,7
9667,6
9668,1
9669,7
9670,7
9671,2
9672,0
9673,4
9674,6
9675,9
9676,0
9677,6
9678,5
9679,2
9680,4
9681,6
9682,9
9683,2
9684,5
9685,1
9686,1
9687,4
9688,1
9689,5
9690,2
9691,1
9692,3
9693,6
9694,0
9695,6
9696,3
9697,4
9698,9
9699,7
9700,6
9701,1
9702,5
9703,8
9704,5
9705,3
9706,2
9707,5
9708,2
9709,7
9710,7
9711,9
9712,8
9713,9
9714,3
9715,1
9716,1
9717,6
9718,3
9719,3
9720,8
9721,7
9722,8
9723,9
9724,9
9725,7
9726,7
9727,7
9728,1
9729,9
9730,7
9731,7
9732,9
9733,4
9734,8
9735,9
9736,1
9737,0
9738,9
9739,9
9740,5
9741,6
9742,1
9743,6
9744,1
9745,1
9746,2
9747,6
9748,1
9749,1
9750,0
9751,5
9752,9
9753,3
9754,2
9755,7
9756,5
9757,2
9758,1
9759,8
9760,6
9761,2
9762,6
9763,8
9764,0
9765,0
9766,9
9767,4
9768,2
9769,7
9770,2
9771,1
9772,2
9773,7
9774,9
9775,1
9776,8
9777,9
9778,3
9779,3
9780,7
9781,1
9782,9
9783,3
9784,2
9785,9
9786,2
9787,3
9788,8
9789,2
9790,2
9791,2
9792,8
9793,7
9794,7
9795,4
9796,9
9797,3
9798,4
9799,8
9800,5
9801,8
9802,4
9803,0
9804,5
9805,4
9806,3
9807,2
9808,6
9809,1
9810,7
9811,6
9812,0
9813,9
9814,2
9815,0
9816,5
9817,5
9818,4
9819,1
9820,6
9821,2
9822,6
9823,3
9824,4
9825,2
9826,8
9827,0
9828,5
9829,2
9830,6
9831,9
9832,1
9833,7
9834,6
9835,7
9836,4
9837,1
9838,5
9839,1
9840,8
9841,3
9842,0
9843,3
9844,3
9845,8
9846,6
9847,3
9848,3
9849,3
9850,8
9851,2
9852,8
9853,5
9854,8
9855,0
9856,5
9857,1
9858,5
9859,6
9860,6
9861,9
9862,2
9863,8
9864,1
9865,4
9866,7
9867,5
9868,4
9869,2
9870,6
9871,7
9872,9
9873,1
9874,5
9875,7
9876,2
9877,0
9878,2
9879,9
9880,1
9881,6
9882,5
9883,8
9884,0
9885,1
9886,6
9887,9
9888,2
9889,1
9890,9
9891,4
9892,1
9893,3
9894,8
9895,6
9896,6
9897,0
9898,0
9899,3
9900,8
9901,0
9902,8
9903,0
9904,3
9905,2
9906,2
9907,9
9908,0
9909,4
9910,4
9911,5
9912,6
9913,2
9914,2
9915,3
9916,0
9917,0
9918,0
9919,9
9920,9
9921,5
9922,8
9923,3
9924,4
9925,3
9926,9
9927,1
9928,4
9929,0
9930,5
9931,7
9932,5
9933,3
9934,9
9935,8
9936,5
9937,1
9938,2
9939,3
9940,2
9941,5
9942,5
9943,9
9944,9
9945,9
9946,4
9947,8
9948,3
9949,5
9950,2
9951,3
9952,5
9953,1
9954,8
9955,7
9956,3
9957,2
9958,2
9959,3
9960,3
9961,2
9962,3
9963,5
9964,1
9965,9
9966,7
9967,3
9968,4
9969,9
9970,7
9971,5
9972,7
9973,2
9974,7
9975,6
9976,4
9977,9
9978,4
9979,5
9980,9
9981,3
9982,5
9983,8
9984,7
9985,4
9986,6
9987,1
9988,5
9989,9
9990,1
9991,2
9992,0
9993,6
9994,7
9995,6
9996,4
9997,7
9998,0
9999,7
10000,4
10001,7
10002,8
10003,7
10004,9
10005,6
10006,6
10007,0
10008,5
10009,2
10010,7
10011,1
10012,6
10013,8
10014,0
10015,5
10016,9
10017,1
10018,1
10019,9
10020,5
10021,1
10022,8
10023,6
10024,9
10025,5
10026,8
10027,1
10028,7
10029,8
10030,0
10031,3
10032,1
10033,7
10034,7
10035,3
10036,5
10037,0
10038,8
10039,7
10040,3
10041,2
10042,1
10043,9
10044,4
10045,2
10046,6
10047,6
10048,7
10049,2
10050,1
10051,0
10052,0
10053,2
10054,1
10055,0
10056,1
10057,6
10058,7
10059,2
10060,8
10061,1
10062,0
10063,5
10064,8
10065,0
10066,4
10067,4
10068,1
10069,4
10070,6
10071,8
10072,2
10073,0
10074,0
10075,1
10076,1
10077,4
10078,1
10079,4
10080,5
10081,7
10082,4
10083,9
10084,8
10085,7
10086,9
10087,6
10088,9
10089,1
10090,3
10091,7
10092,5
10093,7
10094,9
10095,8
10096,5
10097,9
10098,0
10099,0
10100,8
10101,1
10102,1
10103,2
10104,5
10105,3
10106,8
10107,5
10108,2
10109,1
10110,1
10111,2
10112,5
10113,5
10114,4
10115,6
10116,8
10117,7
10118,1
10119,6
10120,1
10121,9
10122,0
10123,6
10124,2
10125,7
10126,1
10127,9
10128,2
10129,2
10130,6
10131,4
10132,5
10133,8
10134,4
10135,0
10136,8
10137,2
10138,4
10139,6
10140,1
10141,5
10142,1
10143,1
10144,1
10145,3
10146,2
10147,8
10148,0
10149,4
10150,4
10151,7
10152,1
10153,3
10154,4
10155,8
10156,8
10157,8
10158,5
10159,5
10160,8
10161,2
10162,7
10163,2
10164,7
10165,7
10166,4
10167,3
10168,3
10169,3
10170,6
10171,1
10172,0
10173,3
10174,7
10175,5
10176,3
10177,7
10178,1
10179,9
10180,5
10181,9
10182,3
10183,5
10184,3
10185,0
10186,6
10187,6
10188,2
10189,1
10190,0
10191,8
10192,8
10193,9
10194,8
10195,6
10196,5
10197,3
10198,8
10199,0
10200,6
10201,2
10202,9
10203,0
10204,4
10205,9
10206,9
10207,4
10208,8
10209,6
10210,1
10211,5
10212,9
10213,8
10214,7
10215,0
10216,0
10217,2
10218,5
10219,0
10220,4
10221,8
10222,7
10223,7
10224,2
10225,6
10226,1
10227,9
10228,1
10229,0
10230,0
10231,6
10232,1
10233,8
10234,2
10235,8
10236,6
10237,3
10238,2
10239,8
10240,0
10241,5
10242,5
10243,7
10244,7
10245,6
10246,5
10247,7
10248,9
10249,0
10250,8
10251,3
10252,4
10253,0
10254,5
10255,9
10256,2
10257,7
10258,4
10259,6
10260,3
10261,9
10262,7
10263,2
10264,2
10265,8
10266,2
10267,4
10268,2
10269,1
10270,8
10271,4
10272,7
10273,5
10274,4
10275,8
10276,8
10277,0
10278,6
10279,2
10280,3
10281,3
10282,5
10283,9
10284,8
10285,7
10286,6
10287,7
10288,2
10289,8
10290,5
10291,1
10292,2
10293,8
10294,1
10295,6
10296,7
10297,0
10298,8
10299,5
10300,5
10301,3
10302,9
10303,9
10304,2
10305,6
10306,3
10307,7
10308,3
10309,1
10310,8
10311,3
10312,3
10313,4
10314,9
10315,1
10316,8
10317,5
10318,9
10319,0
10320,9
10321,9
10322,9
10323,4
10324,0
10325,2
10326,8
10327,1
10328,0
10329,6
10330,6
10331,1
10332,7
10333,0
10334,9
10335,7
10336,4
10337,6
10338,5
10339,1
10340,3
10341,7
10342,9
10343,4
10344,8
10345,9
10346,1
10347,1
10348,2
10349,2
10350,6
10351,1
10352,2
10353,7
10354,0
10355,1
10356,8
10357,9
10358,5
10359,9
10360,5
10361,5
10362,2
10363,3
10364,1
10365,3
10366,4
10367,8
10368,5
10369,0
10370,7
10371,5
10372,3
10373,8
10374,4
10375,9
10376,4
10377,2
10378,7
10379,4
10380,4
10381,4
10382,3
10383,1
10384,5
10385,1
10386,4
10387,3
10388,8
10389,4
10390,6
10391,1
10392,0
10393,6
10394,8
10395,4
10396,2
10397,2
10398,0
10399,9
10400,8
10401,3
10402,4
10403,4
10404,2
10405,6
10406,3
10407,5
10408,1
10409,0
10410,0
10411,5
10412,0
10413,9
10414,1
10415,0
10416,1
10417,0
10418,9
10419,3
10420,0
10421,3
10422,7
10423,8
10424,6
10425,7
10426,6
10427,7
10428,8
10429,6
10430,0
10431,6
10432,5
10433,8
10434,9
10435,8
10436,2
10437,8
10438,9
10439,0
10440,7
10441,3
10442,9
10443,0
10444,9
10445,8
10446,7
10447,8
10448,5
10449,0
10450,0
10451,7
10452,3
10453,9
10454,8
10455,8
10456,0
10457,4
10458,7
10459,0
10460,9
10461,8
10462,5
10463,3
10464,7
10465,1
10466,3
10467,7
10468,8
10469,2
10470,2
10471,5
10472,0
10473,0
10474,5
10475,7
10476,2
10477,8
10478,7
10479,0
10480,7
10481,1
10482,8
10483,6
10484,4
10485,0
10486,4
10487,1
10488,6
10489,1
10490,0
10491,5
10492,1
10493,8
10494,0
10495,7
10496,8
10497,0
10498,3
10499,5
10500,5
10501,2
10502,6
10503,6
10504,8
10505,9
10506,5
10507,0
10508,4
10509,7
10510,4
10511,3
10512,1
10513,5
10514,6
10515,0
10516,8
10517,4
10518,1
10519,0
10520,7
10521,8
10522,7
10523,6
10524,5
10525,6
10526,1
10527,4
10528,6
10529,2
10530,7
10531,5
10532,1
10533,2
10534,9
10535,2
10536,0
10537,6
10538,3
10539,7
10540,1
10541,5
10542,9
10543,9
10544,8
10545,4
10546,6
10547,8
10548,3
10549,0
10550,0
10551,7
10552,8
10553,6
10554,6
10555,3
10556,0
10557,9
10558,2
10559,6
10560,3
10561,0
10562,0
10563,7
10564,8
10565,2
10566,8
10567,1
10568,8
10569,2
10570,2
10571,1
10572,2
10573,6
10574,5
10575,8
10576,5
10577,9
10578,8
10579,8
10580,6
10581,8
10582,6
10583,9
10584,9
10585,9
10586,0
10587,0
10588,2
10589,9
10590,2
10591,6
10592,9
10593,1
10594,1
10595,4
10596,3
10597,7
10598,4
10599,2
10600,7
10601,1
10602,3
10603,8
10604,0
10605,1
10606,6
10607,0
10608,1
10609,5
10610,1
10611,9
10612,7
10613,2
10614,1
10615,0
10616,7
10617,1
10618,0
10619,2
10620,0
10621,9
10622,2
10623,2
10624,3
10625,8
10626,6
10627,6
10628,2
10629,8
10630,7
10631,0
10632,4
10633,6
10634,0
10635,9
10636,6
10637,3
10638,6
10639,5
10640,8
10641,7
10642,5
10643,4
10644,6
10645,1
10646,1
10647,0
10648,1
10649,3
10650,6
10651,3
10652,6
10653,9
10654,4
10655,9
10656,0
10657,0
10658,6
10659,8
10660,3
10661,2
10662,8
10663,5
10664,7
10665,3
10666,4
10667,4
10668,4
10669,1
10670,8
10671,2
10672,0
10673,1
10674,2
10675,3
10676,6
10677,4
10678,1
10679,7
10680,4
10681,2
10682,8
10683,7
10684,1
10685,5
10686,5
10687,4
10688,7
10689,9
10690,9
10691,8
10692,0
10693,0
10694,1
10695,6
10696,1
10697,0
10698,4
10699,8
10700,7
10701,8
10702,0
10703,0
10704,6
10705,3
10706,0
10707,3
10708,1
10709,4
10710,9
10711,1
10712,1
10713,7
10714,1
10715,4
10716,6
10717,4
10718,3
10719,5
10720,7
10721,5
10722,1
10723,3
10724,5
10725,1
10726,2
10727,5
10728,4
10729,3
10730,3
10731,2
10732,9
10733,9
10734,1
10735,7
10736,7
10737,4
10738,9
10739,5
10740,3
10741,0
10742,9
10743,7
10744,2
10745,7
10746,3
10747,9
10748,5
10749,8
10750,4
10751,4
10752,4
10753,8
10754,4
10755,7
10756,4
10757,7
10758,9
10759,8
10760,4
10761,3
10762,9
10763,4
10764,4
10765,1
10766,3
10767,6
10768,4
10769,2
10770,0
10771,0
10772,3
10773,1
10774,5
10775,1
10776,7
10777,1
10778,9
10779,1
10780,8
10781,7
10782,2
10783,0
10784,9
10785,2
10786,1
10787,1
10788,3
10789,5
10790,6
10791,8
10792,8
10793,9
10794,9
10795,3
10796,5
10797,0
10798,1
10799,5
10800,1
10801,4
10802,1
10803,9
10804,4
10805,4
10806,9
10807,7
10808,1
10809,5
10810,2
10811,3
10812,6
10813,8
10814,3
10815,5
10816,6
10817,1
10818,3
10819,4
10820,2
10821,5
10822,6
10823,9
10824,4
10825,9
10826,4
10827,4
10828,6
10829,9
10830,4
10831,6
10832,4
10833,2
10834,8
10835,4
10836,8
10837,8
10838,8
10839,8
10840,3
10841,7
10842,4
10843,8
10844,8
10845,6
10846,9
10847,4
10848,9
10849,3
10850,0
10851,0
10852,7
10853,8
10854,0
10855,7
10856,4
10857,9
10858,2
10859,8
10860,7
10861,9
10862,8
10863,5
10864,7
10865,6
10866,8
10867,9
10868,0
10869,4
10870,6
10871,2
10872,8
10873,8
10874,2
10875,1
10876,6
10877,5
10878,9
10879,6
10880,7
10881,4
10882,9
10883,4
10884,5
10885,0
10886,6
10887,5
10888,4
10889,6
10890,9
10891,8
10892,8
10893,7
10894,8
10895,2
10896,2
10897,6
10898,6
10899,7
10900,9
10901,8
10902,6
10903,6
10904,1
10905,2
10906,6
10907,9
10908,6
10909,7
10910,2
10911,3
10912,5
10913,3
10914,9
10915,9
10916,8
10917,2
10918,1
10919,5
10920,3
10921,7
10922,0
10923,7
10924,2
10925,8
10926,0
10927,0
10928,2
10929,8
10930,8
10931,4
10932,5
10933,6
10934,3
10935,0
10936,1
10937,2
10938,9
10939,0
10940,4
10941,8
10942,8
10943,6
10944,8
10945,8
10946,4
10947,2
10948,8
10949,6
10950,6
10951,6
10952,3
10953,8
10954,9
10955,0
10956,2
10957,5
10958,4
10959,7
10960,6
10961,3
10962,3
10963,2
10964,3
10965,4
10966,7
10967,5
10968,2
10969,2
10970,0
10971,6
10972,6
10973,3
10974,7
10975,0
10976,0
10977,6
10978,8
10979,6
10980,4
10981,9
10982,2
10983,5
10984,7
10985,6
10986,5
10987,8
10988,5
10989,2
10990,6
10991,7
10992,8
10993,5
10994,9
10995,0
10996,9
10997,6
10998,1
10999,0
11000,5
11001,9
11002,7
11003,1
11004,6
11005,1
11006,3
11007,6
11008,3
11009,2
11010,9
11011,6
11012,2
11013,2
11014,9
11015,5
11016,3
11017,7
11018,6
11019,0
11020,4
11021,8
11022,5
11023,8
11024,6
11025,1
11026,6
11027,9
11028,5
11029,8
11030,1
11031,7
11032,5
11033,6
11034,5
11035,1
11036,2
11037,5
11038,6
11039,5
11040,6
11041,1
11042,9
11043,2
11044,9
11045,5
11046,8
11047,3
11048,9
11049,5
11050,6
11051,1
11052,3
11053,1
11054,3
11055,6
11056,1
11057,8
11058,9
11059,0
11060,1
11061,2
11062,3
11063,7
11064,3
11065,7
11066,2
11067,0
11068,4
11069,5
11070,6
11071,2
11072,2
11073,7
11074,0
11075,1
11076,8
11077,4
11078,9
11079,0
11080,1
11081,2
11082,6
11083,1
11084,8
11085,0
11086,0
11087,0
11088,7
11089,4
11090,2
11091,3
11092,6
11093,7
11094,9
11095,7
11096,9
11097,8
11098,0
11099,0
11100,5
11101,2
11102,8
11103,6
11104,0
11105,0
11106,2
11107,9
11108,1
11109,1
11110,6
11111,0
11112,7
11113,7
11114,1
11115,1
11116,8
11117,9
11118,5
11119,2
11120,5
11121,1
11122,3
11123,3
11124,8
11125,6
11126,6
11127,8
11128,2
11129,5
11130,5
11131,8
11132,7
11133,6
11134,6
11135,1
11136,2
11137,9
11138,3
11139,8
11140,4
11141,3
11142,4
11143,5
11144,1
11145,4
11146,1
11147,3
11148,8
11149,0
11150,8
11151,1
11152,8
11153,1
11154,4
11155,7
11156,9
11157,1
11158,4
11159,5
11160,6
11161,9
11162,5
11163,9
11164,4
11165,6
11166,3
11167,8
11168,9
11169,6
11170,0
11171,2
11172,9
11173,2
11174,7
11175,4
11176,9
11177,3
11178,9
11179,4
11180,9
11181,1
11182,1
11183,2
11184,8
11185,9
11186,5
11187,7
11188,3
11189,3
11190,4
11191,2
11192,9
11193,4
11194,4
11195,8
11196,3
11197,7
11198,4
11199,8
11200,2
11201,5
11202,3
11203,9
11204,4
11205,8
11206,2
11207,7
11208,6
11209,4
11210,3
11211,3
11212,6
11213,0
11214,3
11215,0
11216,6
11217,2
11218,1
11219,5
11220,4
11221,1
11222,2
11223,4
11224,4
11225,8
11226,4
11227,3
11228,7
11229,3
11230,2
11231,2
11232,4
11233,7
11234,7
11235,1
11236,3
11237,6
11238,2
11239,1
11240,5
11241,9
11242,5
11243,1
11244,8
11245,1
11246,8
11247,0
11248,8
11249,4
11250,6
11251,1
11252,5
11253,1
11254,7
11255,1
11256,4
11257,3
11258,1
11259,0
11260,4
11261,9
11262,2
11263,9
11264,6
11265,4
11266,2
11267,5
11268,8
11269,2
11270,7
11271,1
11272,3
11273,4
11274,7
11275,5
11276,6
11277,8
11278,6
11279,7
11280,0
11281,9
11282,5
11283,2
11284,1
11285,6
11286,8
11287,9
11288,7
11289,6
11290,9
11291,4
11292,6
11293,7
11294,0
11295,9
11296,4
11297,6
11298,9
11299,6
11300,2
11301,6
11302,1
11303,8
11304,7
11305,0
11306,7
11307,2
11308,8
11309,9
11310,4
11311,0
11312,7
11313,6
11314,4
11315,8
11316,5
11317,9
11318,8
11319,5
11320,3
11321,9
11322,0
11323,9
11324,5
11325,6
11326,1
11327,4
11328,4
11329,4
11330,7
11331,5
11332,6
11333,5
11334,7
11335,4
11336,4
11337,8
11338,7
11339,9
11340,3
11341,9
11342,7
11343,8
11344,4
11345,8
11346,9
11347,3
11348,8
11349,6
11350,6
11351,9
11352,8
11353,2
11354,1
11355,5
11356,0
11357,0
11358,6
11359,6
11360,0
11361,7
11362,7
11363,4
11364,9
11365,9
11366,2
11367,1
11368,2
11369,5
11370,1
11371,9
11372,0
11373,5
11374,0
11375,9
11376,8
11377,0
11378,0
11379,8
11380,2
11381,3
11382,5
11383,9
11384,9
11385,7
11386,3
11387,4
11388,1
11389,8
11390,4
11391,0
11392,1
11393,5
11394,8
11395,3
11396,3
11397,1
11398,6
11399,6
11400,3
11401,8
11402,6
11403,7
11404,1
11405,1
11406,8
11407,2
11408,0
11409,1
11410,7
11411,1
11412,9
11413,7
11414,8
11415,0
11416,6
11417,0
11418,5
11419,8
11420,6
11421,9
11422,7
11423,8
11424,3
11425,2
11426,1
11427,1
11428,4
11429,9
11430,2
11431,5
11432,7
11433,6
11434,5
11435,2
11436,8
11437,2
11438,8
11439,8
11440,1
11441,9
11442,1
11443,6
11444,1
11445,3
11446,1
11447,2
11448,2
11449,7
11450,8
11451,1
11452,1
11453,9
11454,7
11455,1
11456,4
11457,1
11458,8
11459,0
11460,4
11461,7
11462,2
11463,8
11464,9
11465,3
11466,3
11467,0
11468,7
11469,6
11470,5
11471,6
11472,0
11473,1
11474,1
11475,6
11476,7
11477,4
11478,9
11479,3
11480,2
11481,3
11482,7
11483,3
11484,8
11485,3
11486,7
11487,3
11488,1
11489,4
11490,2
11491,7
11492,0
11493,8
11494,8
11495,1
11496,9
11497,9
11498,3
11499,7
11500,8
11501,5
11502,8
11503,5
11504,9
11505,5
11506,9
11507,3
11508,1
11509,2
11510,1
11511,5
11512,8
11513,6
11514,0
11515,7
11516,4
11517,8
11518,5
11519,8
11520,2
11521,3
11522,7
11523,5
11524,7
11525,7
11526,6
11527,1
11528,1
11529,8
11530,0
11531,2
11532,6
11533,9
11534,6
11535,2
11536,0
11537,4
11538,1
11539,9
11540,9
11541,7
11542,3
11543,3
11544,6
11545,0
11546,2
11547,3
11548,8
11549,6
11550,1
11551,4
11552,0
11553,9
11554,5
11555,6
11556,5
11557,1
11558,6
11559,3
11560,9
11561,1
11562,3
11563,9
11564,2
11565,6
11566,4
11567,6
11568,8
11569,6
11570,1
11571,7
11572,1
11573,3
11574,1
11575,8
11576,6
11577,1
11578,9
11579,1
11580,7
11581,6
11582,2
11583,1
11584,9
11585,7
11586,8
11587,6
11588,3
11589,6
11590,9
11591,0
11592,6
11593,2
11594,5
11595,8
11596,8
11597,6
11598,9
11599,0
11600,8
11601,8
11602,1
11603,8
11604,1
11605,3
11606,3
11607,1
11608,2
11609,8
11610,9
11611,7
11612,3
11613,8
11614,5
11615,3
11616,9
11617,1
11618,2
11619,1
11620,8
11621,2
11622,4
11623,1
11624,9
11625,9
11626,7
11627,2
11628,0
11629,5
11630,9
11631,3
11632,8
11633,6
11634,5
11635,8
11636,3
11637,0
11638,9
11639,9
11640,7
11641,3
11642,4
11643,0
11644,4
11645,3
11646,9
11647,8
11648,8
11649,7
11650,5
11651,5
11652,5
11653,4
11654,6
11655,5
11656,8
11657,5
11658,4
11659,9
11660,9
11661,3
11662,7
11663,4
11664,1
11665,7
11666,1
11667,9
11668,2
11669,8
11670,3
11671,4
11672,1
11673,3
11674,0
11675,8
11676,2
11677,4
11678,7
11679,3
11680,7
11681,6
11682,7
11683,1
11684,9
11685,6
11686,1
11687,5
11688,9
11689,4
11690,9
11691,7
11692,8
11693,0
11694,2
11695,0
11696,4
11697,3
11698,0
11699,9
11700,6
11701,7
11702,8
11703,1
11704,8
11705,2
11706,0
11707,7
11708,7
11709,1
11710,7
11711,3
11712,2
11713,6
11714,0
11715,3
11716,2
11717,5
11718,4
11719,9
11720,8
11721,6
11722,3
11723,7
11724,8
11725,3
11726,3
11727,0
11728,4
11729,7
11730,0
11731,4
11732,9
11733,2
11734,9
11735,2
11736,9
11737,2
11738,8
11739,5
11740,6
11741,8
11742,8
11743,1
11744,0
11745,2
11746,9
11747,1
11748,1
11749,5
11750,6
11751,5
11752,6
11753,9
11754,4
11755,6
11756,5
11757,4
11758,9
11759,8
11760,2
11761,5
11762,4
11763,5
11764,4
11765,6
11766,7
11767,6
11768,9
11769,2
11770,7
11771,7
11772,5
11773,9
11774,4
11775,4
11776,4
11777,6
11778,0
11779,8
11780,5
11781,6
11782,0
11783,0
11784,9
11785,5
11786,7
11787,4
11788,9
11789,8
11790,5
11791,4
11792,0
11793,9
11794,3
11795,2
11796,3
11797,2
11798,0
11799,7
11800,6
11801,4
11802,5
11803,5
11804,5
11805,3
11806,3
11807,0
11808,9
11809,5
11810,1
11811,9
11812,2
11813,9
11814,7
11815,1
11816,9
11817,1
11818,5
11819,0
11820,9
11821,2
11822,4
11823,8
11824,4
11825,3
11826,3
11827,5
11828,1
11829,3
11830,6
11831,1
11832,6
11833,6
11834,8
11835,6
11836,8
11837,6
11838,2
11839,7
11840,1
11841,0
11842,5
11843,6
11844,8
11845,1
11846,8
11847,4
11848,2
11849,7
11850,8
11851,8
11852,1
11853,6
11854,4
11855,8
11856,7
11857,7
11858,0
11859,1
11860,4
11861,2
11862,3
11863,7
11864,3
11865,0
11866,2
11867,0
11868,4
11869,2
11870,1
11871,6
11872,2
11873,3
11874,2
11875,0
11876,4
11877,1
11878,2
11879,3
11880,9
11881,8
11882,1
11883,2
11884,8
11885,1
11886,8
11887,1
11888,2
11889,4
11890,2
11891,2
11892,9
11893,9
11894,1
11895,9
11896,2
11897,5
11898,2
11899,7
11900,8
11901,9
11902,2
11903,5
11904,8
11905,2
11906,5
11907,6
11908,8
11909,0
11910,3
11911,9
11912,1
11913,1
11914,4
11915,7
11916,7
11917,7
11918,6
11919,4
11920,2
11921,7
11922,5
11923,5
11924,1
11925,8
11926,9
11927,9
11928,2
11929,5
11930,9
11931,0
11932,0
11933,8
11934,2
11935,1
11936,4
11937,0
11938,4
11939,3
11940,3
11941,8
11942,9
11943,2
11944,8
11945,0
11946,3
11947,3
11948,7
11949,1
11950,3
11951,1
11952,5
11953,2
11954,9
11955,1
11956,7
11957,3
11958,3
11959,8
11960,6
11961,3
11962,9
11963,5
11964,2
11965,0
11966,0
11967,4
11968,6
11969,3
11970,5
11971,0
11972,5
11973,3
11974,0
11975,6
11976,4
11977,6
11978,2
11979,6
11980,0
11981,9
11982,2
11983,9
11984,2
11985,2
11986,1
11987,1
11988,6
11989,8
11990,7
11991,7
11992,0
11993,0
11994,8
11995,6
11996,5
11997,1
11998,5
11999,7
12000,1
12001,9
12002,1
12003,7
12004,1
12005,4
12006,9
12007,9
12008,2
12009,2
12010,1
12011,0
12012,7
12013,6
12014,0
12015,7
12016,4
12017,8
12018,3
12019,3
12020,5
12021,1
12022,4
12023,5
12024,5
12025,2
12026,5
12027,9
12028,5
12029,6
12030,1
12031,3
12032,3
12033,4
12034,2
12035,3
12036,7
12037,2
12038,6
12039,2
12040,6
12041,4
12042,8
12043,7
12044,5
12045,6
12046,0
12047,2
12048,6
12049,7
12050,0
12051,8
12052,0
12053,6
12054,3
12055,7
12056,7
12057,4
12058,4
12059,4
12060,8
12061,1
12062,4
12063,2
12064,1
12065,7
12066,6
12067,6
12068,2
12069,3
12070,5
12071,4
12072,9
12073,0
12074,1
12075,8
12076,0
12077,2
12078,1
12079,1
12080,0
12081,3
12082,3
12083,4
12084,2
12085,0
12086,0
12087,6
12088,8
12089,2
12090,7
12091,7
12092,8
12093,1
12094,1
12095,7
12096,5
12097,0
12098,7
12099,7
12100,1
12101,7
12102,2
12103,1
12104,6
12105,7
12106,7
12107,0
12108,4
12109,6
12110,1
12111,5
12112,0
12113,0
12114,2
12115,1
12116,9
12117,7
12118,8
12119,6
12120,2
12121,5
12122,3
12123,1
12124,5
12125,3
12126,8
12127,5
12128,6
12129,6
12130,8
12131,8
12132,8
12133,1
12134,7
12135,7
12136,4
12137,1
12138,2
12139,5
12140,4
12141,7
12142,3
12143,2
12144,6
12145,6
12146,5
12147,4
12148,7
12149,7
12150,1
12151,5
12152,1
12153,2
12154,9
12155,9
12156,7
12157,6
12158,8
12159,6
12160,8
12161,9
12162,5
12163,1
12164,1
12165,8
12166,1
12167,2
12168,9
12169,5
12170,1
12171,2
12172,9
12173,2
12174,3
12175,7
12176,1
12177,7
12178,9
12179,0
12180,7
12181,0
12182,5
12183,7
12184,7
12185,5
12186,9
12187,8
12188,0
12189,4
12190,5
12191,6
12192,9
12193,5
12194,8
12195,7
12196,6
12197,4
12198,4
12199,0
12200,4
12201,6
12202,0
12203,6
12204,4
12205,7
12206,3
12207,6
12208,8
12209,8
12210,3
12211,5
12212,1
12213,9
12214,3
12215,1
12216,2
12217,5
12218,5
12219,8
12220,0
12221,9
12222,3
12223,0
12224,4
12225,6
12226,6
12227,9
12228,8
12229,1
12230,7
12231,2
12232,3
12233,9
12234,6
12235,5
12236,2
12237,2
12238,7
12239,9
12240,8
12241,9
12242,2
12243,7
12244,5
12245,9
12246,3
12247,4
12248,6
12249,7
12250,8
12251,1
12252,6
12253,9
12254,9
12255,4
12256,8
12257,8
12258,4
12259,8
12260,5
12261,8
12262,3
12263,2
12264,3
12265,9
12266,5
12267,0
12268,9
12269,3
12270,2
12271,9
12272,4
12273,8
12274,7
12275,4
12276,8
12277,7
12278,5
12279,3
12280,2
12281,4
12282,2
12283,7
12284,8
12285,2
12286,4
12287,5
12288,4
12289,9
12290,0
12291,7
12292,1
12293,5
12294,4
12295,2
12296,8
12297,1
12298,8
12299,3
12300,7
12301,6
12302,2
12303,9
12304,5
12305,0
12306,4
12307,0
12308,1
12309,7
12310,3
12311,9
12312,2
12313,3
12314,4
12315,1
12316,0
12317,9
12318,5
12319,1
12320,7
12321,6
12322,0
12323,3
12324,0
12325,9
12326,2
12327,9
12328,6
12329,2
12330,3
12331,5
12332,4
12333,3
12334,8
12335,5
12336,4
12337,9
12338,1
12339,9
12340,6
12341,1
12342,9
12343,1
12344,6
12345,0
12346,9
12347,8
12348,2
12349,0
12350,9
12351,1
12352,3
12353,7
12354,5
12355,7
12356,4
12357,3
12358,5
12359,2
12360,7
12361,3
12362,5
12363,2
12364,2
12365,9
12366,4
12367,8
12368,5
12369,3
12370,8
12371,2
12372,6
12373,6
12374,7
12375,0
12376,4
12377,8
12378,9
12379,9
12380,0
12381,1
12382,7
12383,2
12384,3
12385,5
12386,8
12387,5
12388,5
12389,4
12390,8
12391,2
12392,8
12393,7
12394,9
12395,4
12396,8
12397,0
12398,2
12399,8
12400,5
12401,6
12402,3
12403,2
12404,2
12405,7
12406,1
12407,8
12408,8
12409,3
12410,3
12411,8
12412,9
12413,9
12414,2
12415,2
12416,2
12417,8
12418,8
12419,1
12420,1
12421,4
12422,3
12423,3
12424,4
12425,4
12426,3
12427,5
12428,4
12429,5
12430,7
12431,1
12432,6
12433,7
12434,6
12435,8
12436,3
12437,7
12438,0
12439,8
12440,0
12441,1
12442,6
12443,9
12444,8
12445,0
12446,6
12447,5
12448,7
12449,6
12450,3
12451,4
12452,4
12453,7
12454,8
12455,8
12456,8
12457,5
12458,6
12459,8
12460,7
12461,1
12462,8
12463,4
12464,8
12465,7
12466,2
12467,8
12468,8
12469,2
12470,8
12471,7
12472,4
12473,5
12474,6
12475,0
12476,2
12477,5
12478,1
12479,4
12480,4
12481,2
12482,5
12483,5
12484,3
12485,8
12486,5
12487,4
12488,0
12489,5
12490,9
12491,4
12492,3
12493,8
12494,5
12495,1
12496,3
12497,8
12498,5
12499,3
12500,1
12501,6
12502,4
12503,0
12504,4
12505,1
12506,5
12507,7
12508,5
12509,8
12510,2
12511,9
12512,2
12513,8
12514,9
12515,0
12516,8
12517,0
12518,8
12519,0
12520,2
12521,9
12522,4
12523,5
12524,4
12525,4
12526,3
12527,9
12528,1
12529,8
12530,1
12531,6
12532,8
12533,4
12534,7
12535,7
12536,3
12537,6
12538,3
12539,1
12540,1
12541,5
12542,3
12543,9
12544,9
12545,4
12546,3
12547,7
12548,7
12549,1
12550,4
12551,8
12552,2
12553,5
12554,2
12555,4
12556,1
12557,4
12558,4
12559,1
12560,9
12561,8
12562,7
12563,3
12564,0
12565,7
12566,7
12567,3
12568,1
12569,9
12570,8
12571,5
12572,5
12573,0
12574,3
12575,2
12576,6
12577,2
12578,3
12579,4
12580,4
12581,9
12582,5
12583,0
12584,2
12585,2
12586,2
12587,6
12588,1
12589,1
12590,2
12591,4
12592,5
12593,2
12594,9
12595,6
12596,1
12597,4
12598,0
12599,8
12600,3
12601,9
12602,7
12603,0
12604,0
12605,7
12606,5
12607,9
12608,5
12609,0
12610,1
12611,4
12612,3
12613,7
12614,0
12615,4
12616,3
12617,1
12618,9
12619,9
12620,1
12621,4
12622,6
12623,9
12624,1
12625,4
12626,9
12627,7
12628,9
12629,2
12630,7
12631,9
12632,3
12633,5
12634,6
12635,0
12636,3
12637,2
12638,1
12639,8
12640,8
12641,7
12642,3
12643,7
12644,2
12645,0
12646,9
12647,8
12648,7
12649,7
12650,6
12651,9
12652,3
12653,5
12654,6
12655,7
12656,4
12657,3
12658,5
12659,1
12660,6
12661,9
12662,7
12663,1
12664,0
12665,8
12666,4
12667,6
12668,4
12669,1
12670,6
12671,6
12672,6
12673,8
12674,1
12675,8
12676,6
12677,4
12678,9
12679,8
12680,6
12681,9
12682,3
12683,0
12684,2
12685,9
12686,5
12687,7
12688,0
12689,5
12690,3
12691,2
12692,9
12693,1
12694,3
12695,8
12696,7
12697,1
12698,5
12699,5
12700,5
12701,4
12702,4
12703,0
12704,5
12705,5
12706,0
12707,5
12708,5
12709,1
12710,3
12711,5
12712,5
12713,6
12714,0
12715,4
12716,2
12717,1
12718,6
12719,9
12720,9
12721,2
12722,9
12723,1
12724,6
12725,7
12726,0
12727,9
12728,8
12729,3
12730,9
12731,3
12732,9
12733,1
12734,5
12735,3
12736,9
12737,2
12738,6
12739,0
12740,0
12741,5
12742,8
12743,1
12744,0
12745,6
12746,1
12747,3
12748,1
12749,6
12750,5
12751,4
12752,1
12753,7
12754,1
12755,3
12756,0
12757,4
12758,7
12759,7
12760,4
12761,9
12762,1
12763,3
12764,7
12765,6
12766,9
12767,1
12768,7
12769,2
12770,0
12771,9
12772,5
12773,0
12774,8
12775,5
12776,0
12777,1
12778,3
12779,1
12780,5
12781,5
12782,7
12783,9
12784,6
12785,6
12786,8
12787,1
12788,9
12789,2
12790,2
12791,3
12792,6
12793,8
12794,2
12795,5
12796,8
12797,8
12798,6
12799,3
12800,9
12801,1
12802,7
12803,8
12804,3
12805,9
12806,5
12807,9
12808,6
12809,9
12810,5
12811,6
12812,8
12813,6
12814,2
12815,8
12816,8
12817,8
12818,5
12819,2
12820,7
12821,2
12822,1
12823,7
12824,1
12825,7
12826,1
12827,8
12828,2
12829,2
12830,2
12831,0
12832,9
12833,1
12834,1
12835,7
12836,0
12837,1
12838,5
12839,7
12840,5
12841,6
12842,3
12843,7
12844,8
12845,9
12846,5
12847,7
12848,1
12849,3
12850,4
12851,3
12852,4
12853,5
12854,1
12855,1
12856,0
12857,2
12858,4
12859,0
12860,8
12861,8
12862,1
12863,3
12864,0
12865,4
12866,7
12867,1
12868,7
12869,6
12870,1
12871,0
12872,1
12873,5
12874,5
12875,6
12876,8
12877,9
12878,7
12879,2
12880,8
12881,1
12882,1
12883,6
12884,2
12885,3
12886,3
12887,4
